"Measurement export PQ-Box 200",,"Serial-No.: 1622-104",,,
,,,,,
"Measurement: EMPTY, EN50160 - IEC61000-2-2 LV - def, EMPTY, EMPTY",,,,,
,,,,,
"Interval: 600 sec",,,,,
"Voltage: 229.999 V",,,,,
,,,,,
,,,,,
"Date/Time: 2018/25/08","2019/07/02 15:00:00",12:00:00,,,
,,,,,
Date,Time,'P_L1_(15_min)_[W]','P_L2_(15_min)_[W]','P_L3_(15_min)_[W]','P_total_(15_min)_[W]'
2018/25/08,15:00:00,640.586,0.425,-0.001,641.009
2018/25/08,15:15:00,617.494,0.424,-0.001,617.918
2018/25/08,15:30:00,1005.306,0.445,-0.002,1005.749
2018/25/08,15:45:00,889.467,0.438,-0.001,889.904
2018/25/08,16:00:00,704.391,0.431,-0.001,704.821
2018/25/08,16:15:00,1376.019,0.471,-0.003,1376.487
2018/25/08,16:30:00,380.258,0.412,0,380.67
2018/25/08,16:45:00,630.23,0.425,-0.001,630.654
2018/25/08,17:00:00,847.565,0.435,-0.002,847.998
2018/25/08,17:15:00,844.781,0.436,-0.002,845.216
2018/25/08,17:30:00,701.84,0.43,-0.001,702.268
2018/25/08,17:45:00,222.901,0.401,0,223.301
2018/25/08,18:00:00,138.723,0.392,0,139.115
2018/25/08,18:15:00,95.248,0.392,0,95.64
2018/25/08,18:30:00,61.885,0.389,0,62.274
2018/25/08,18:45:00,10.84,0.359,0,11.199
2018/25/08,19:00:00,0.094,0.275,0,0.369
2018/25/08,19:15:00,-0.271,0.272,0,0
2018/25/08,19:30:00,-0.318,0.246,-0.001,-0.073
2018/25/08,19:45:00,-0.32,0.24,0,-0.079
2018/25/08,20:00:00,-0.316,0.24,-0.001,-0.076
2018/25/08,20:15:00,-0.316,0.242,0,-0.074
2018/25/08,20:30:00,-0.315,0.243,0,-0.072
2018/25/08,20:45:00,-0.319,0.24,0,-0.079
2018/25/08,21:00:00,-0.317,0.24,-0.001,-0.077
2018/25/08,21:15:00,-0.317,0.243,0,-0.074
2018/25/08,21:30:00,-0.317,0.244,0,-0.073
2018/25/08,21:45:00,-0.317,0.244,-0.001,-0.074
2018/25/08,22:00:00,-0.312,0.247,-0.001,-0.066
2018/25/08,22:15:00,-0.312,0.246,-0.001,-0.067
2018/25/08,22:30:00,-0.31,0.247,-0.002,-0.064
2018/25/08,22:45:00,-0.308,0.248,-0.002,-0.062
2018/25/08,23:00:00,-0.311,0.247,-0.001,-0.065
2018/25/08,23:15:00,-0.306,0.248,-0.002,-0.06
2018/25/08,23:30:00,-0.309,0.25,-0.002,-0.061
2018/25/08,23:45:00,-0.307,0.253,-0.001,-0.056
2018/26/08,00:00:00,-0.31,0.251,-0.001,-0.06
2018/26/08,00:15:00,-0.312,0.252,-0.001,-0.061
2018/26/08,00:30:00,-0.312,0.254,-0.001,-0.059
2018/26/08,00:45:00,-0.314,0.249,-0.001,-0.066
2018/26/08,01:00:00,-0.328,0.249,0,-0.079
2018/26/08,01:15:00,-0.317,0.249,0,-0.068
2018/26/08,01:30:00,-0.316,0.248,0,-0.068
2018/26/08,01:45:00,-0.316,0.249,0,-0.066
2018/26/08,02:00:00,-0.315,0.25,0,-0.065
2018/26/08,02:15:00,-0.317,0.25,0,-0.067
2018/26/08,02:30:00,-0.318,0.251,0.001,-0.067
2018/26/08,02:45:00,-0.319,0.251,0.001,-0.068
2018/26/08,03:00:00,-0.319,0.252,0.001,-0.066
2018/26/08,03:15:00,-0.319,0.252,0.001,-0.065
2018/26/08,03:30:00,-0.32,0.251,0.001,-0.068
2018/26/08,03:45:00,-0.32,0.252,0.001,-0.066
2018/26/08,04:00:00,-0.319,0.254,0.001,-0.065
2018/26/08,04:15:00,-0.319,0.255,0.001,-0.064
2018/26/08,04:30:00,-0.319,0.255,0.001,-0.063
2018/26/08,04:45:00,-0.32,0.255,0.001,-0.064
2018/26/08,05:00:00,-0.32,0.255,0.001,-0.064
2018/26/08,05:15:00,-0.32,0.255,0.001,-0.063
2018/26/08,05:30:00,-0.32,0.255,0.001,-0.065
2018/26/08,05:45:00,-0.32,0.254,0.001,-0.065
2018/26/08,06:00:00,-0.32,0.254,0.001,-0.066
2018/26/08,06:15:00,-0.32,0.254,0.001,-0.065
2018/26/08,06:30:00,-0.319,0.254,0.001,-0.065
2018/26/08,06:45:00,-0.32,0.253,0.001,-0.066
2018/26/08,07:00:00,-0.32,0.252,0.001,-0.067
2018/26/08,07:15:00,-0.319,0.252,0.001,-0.066
2018/26/08,07:30:00,-0.319,0.251,0.001,-0.067
2018/26/08,07:45:00,-0.314,0.252,0,-0.061
2018/26/08,08:00:00,-0.067,0.262,0,0.195
2018/26/08,08:15:00,17.504,0.36,0.001,17.865
2018/26/08,08:30:00,51.206,0.395,0.001,51.601
2018/26/08,08:45:00,82.295,0.405,0.001,82.7
2018/26/08,09:00:00,124.351,0.406,0,124.756
2018/26/08,09:15:00,205.123,0.404,0,205.527
2018/26/08,09:30:00,293.656,0.41,0,294.066
2018/26/08,09:45:00,270.678,0.407,0,271.085
2018/26/08,10:00:00,311.47,0.404,0,311.874
2018/26/08,10:15:00,354.222,0.402,0,354.624
2018/26/08,10:30:00,468.688,0.412,0,469.099
2018/26/08,10:45:00,561.554,0.415,-0.001,561.969
2018/26/08,11:00:00,650.647,0.42,-0.001,651.066
2018/26/08,11:15:00,602.095,0.415,-0.001,602.509
2018/26/08,11:30:00,550.036,0.411,0,550.447
2018/26/08,11:45:00,823.466,0.424,-0.001,823.889
2018/26/08,12:00:00,1091.466,0.441,-0.002,1091.905
2018/26/08,12:15:00,876.492,0.431,-0.001,876.923
2018/26/08,12:30:00,1236.824,0.453,-0.002,1237.275
2018/26/08,12:45:00,1478.218,0.467,-0.003,1478.683
2018/26/08,13:00:00,1503.739,0.469,-0.003,1504.206
2018/26/08,13:15:00,1830.524,0.487,-0.003,1831.007
2018/26/08,13:30:00,995.375,0.439,-0.002,995.813
2018/26/08,13:45:00,1106.228,0.448,-0.002,1106.674
2018/26/08,14:00:00,1053.739,0.447,-0.002,1054.185
2018/26/08,14:15:00,1141.769,0.453,-0.002,1142.221
2018/26/08,14:30:00,778.799,0.428,-0.001,779.226
2018/26/08,14:45:00,961.269,0.44,-0.001,961.707
2018/26/08,15:00:00,794.892,0.434,-0.001,795.325
2018/26/08,15:15:00,765.139,0.431,-0.001,765.569
2018/26/08,15:30:00,757.6,0.432,-0.001,758.031
2018/26/08,15:45:00,630.558,0.422,-0.001,630.979
2018/26/08,16:00:00,637.86,0.421,-0.001,638.28
2018/26/08,16:15:00,594.134,0.419,-0.001,594.552
2018/26/08,16:30:00,603.085,0.42,-0.001,603.505
2018/26/08,16:45:00,619.706,0.417,-0.001,620.123
2018/26/08,17:00:00,388.773,0.402,0,389.175
2018/26/08,17:15:00,397.199,0.399,0,397.597
2018/26/08,17:30:00,294.652,0.392,0,295.044
2018/26/08,17:45:00,263.994,0.393,0,264.387
2018/26/08,18:00:00,192.831,0.388,0,193.219
2018/26/08,18:15:00,114.283,0.386,0,114.669
2018/26/08,18:30:00,47.69,0.381,0.001,48.072
2018/26/08,18:45:00,5.88,0.327,0,6.207
2018/26/08,19:00:00,0.075,0.267,0,0.341
2018/26/08,19:15:00,-0.314,0.265,0,-0.049
2018/26/08,19:30:00,-0.323,0.24,0,-0.083
2018/26/08,19:45:00,-0.322,0.235,0,-0.087
2018/26/08,20:00:00,-0.322,0.235,0,-0.087
2018/26/08,20:15:00,-0.323,0.238,0,-0.085
2018/26/08,20:30:00,-0.322,0.238,0,-0.084
2018/26/08,20:45:00,-0.322,0.24,0,-0.082
2018/26/08,21:00:00,-0.322,0.241,0,-0.08
2018/26/08,21:15:00,-0.323,0.24,0,-0.083
2018/26/08,21:30:00,-0.321,0.241,0,-0.08
2018/26/08,21:45:00,-0.322,0.238,0,-0.083
2018/26/08,22:00:00,-0.322,0.239,0,-0.082
2018/26/08,22:15:00,-0.321,0.241,0,-0.079
2018/26/08,22:30:00,-0.323,0.239,0,-0.084
2018/26/08,22:45:00,-0.323,0.24,0,-0.083
2018/26/08,23:00:00,-0.321,0.24,0,-0.08
2018/26/08,23:15:00,-0.323,0.239,0,-0.083
2018/26/08,23:30:00,-0.322,0.241,0,-0.08
2018/26/08,23:45:00,-0.321,0.242,0,-0.079
2018/27/08,00:00:00,-0.321,0.243,0,-0.077
2018/27/08,00:15:00,-0.322,0.245,0.001,-0.077
2018/27/08,00:30:00,-0.321,0.246,0.001,-0.074
2018/27/08,00:45:00,-0.322,0.242,0.001,-0.079
2018/27/08,01:00:00,-0.335,0.241,0.001,-0.094
2018/27/08,01:15:00,-0.322,0.242,0.001,-0.079
2018/27/08,01:30:00,-0.322,0.243,0.001,-0.078
2018/27/08,01:45:00,-0.322,0.243,0.001,-0.078
2018/27/08,02:00:00,-0.321,0.243,0.001,-0.078
2018/27/08,02:15:00,-0.321,0.244,0.001,-0.076
2018/27/08,02:30:00,-0.321,0.244,0.001,-0.076
2018/27/08,02:45:00,-0.321,0.245,0.001,-0.075
2018/27/08,03:00:00,-0.32,0.245,0.001,-0.074
2018/27/08,03:15:00,-0.32,0.246,0.001,-0.073
2018/27/08,03:30:00,-0.32,0.246,0.001,-0.073
2018/27/08,03:45:00,-0.32,0.246,0.001,-0.073
2018/27/08,04:00:00,-0.319,0.247,0.001,-0.072
2018/27/08,04:15:00,-0.321,0.247,0.001,-0.073
2018/27/08,04:30:00,-0.32,0.247,0.001,-0.072
2018/27/08,04:45:00,-0.32,0.247,0.001,-0.072
2018/27/08,05:00:00,-0.32,0.247,0.001,-0.073
2018/27/08,05:15:00,-0.321,0.247,0.001,-0.074
2018/27/08,05:30:00,-0.321,0.246,0.001,-0.075
2018/27/08,05:45:00,-0.321,0.245,0.001,-0.076
2018/27/08,06:00:00,-0.32,0.244,0.001,-0.076
2018/27/08,06:15:00,-0.321,0.241,0,-0.079
2018/27/08,06:30:00,-0.32,0.24,0,-0.08
2018/27/08,06:45:00,-0.319,0.246,0,-0.074
2018/27/08,07:00:00,-0.316,0.244,-0.001,-0.073
2018/27/08,07:15:00,-0.318,0.241,0,-0.077
2018/27/08,07:30:00,-0.317,0.239,-0.001,-0.079
2018/27/08,07:45:00,-0.311,0.239,-0.001,-0.073
2018/27/08,08:00:00,-0.115,0.244,-0.002,0.128
2018/27/08,08:15:00,0.716,0.27,-0.001,0.985
2018/27/08,08:30:00,50.742,0.383,-0.002,51.123
2018/27/08,08:45:00,110.196,0.374,-0.001,110.569
2018/27/08,09:00:00,167.15,0.374,-0.001,167.523
2018/27/08,09:15:00,252.92,0.379,-0.001,253.297
2018/27/08,09:30:00,347.483,0.385,-0.002,347.867
2018/27/08,09:45:00,450.564,0.394,-0.002,450.957
2018/27/08,10:00:00,487.126,0.399,-0.002,487.523
2018/27/08,10:15:00,520.057,0.4,-0.002,520.455
2018/27/08,10:30:00,512.14,0.399,-0.003,512.536
2018/27/08,10:45:00,450.786,0.394,-0.002,451.179
2018/27/08,11:00:00,643.298,0.409,-0.002,643.704
2018/27/08,11:15:00,750.412,0.414,-0.002,750.824
2018/27/08,11:30:00,870.15,0.418,-0.002,870.565
2018/27/08,11:45:00,810.399,0.417,-0.001,810.815
2018/27/08,12:00:00,808.719,0.418,-0.002,809.135
2018/27/08,12:15:00,757.323,0.417,-0.001,757.739
2018/27/08,12:30:00,765.251,0.42,-0.002,765.669
2018/27/08,12:45:00,727.141,0.415,-0.002,727.554
2018/27/08,13:00:00,792.424,0.419,-0.002,792.841
2018/27/08,13:15:00,875.901,0.426,-0.002,876.326
2018/27/08,13:30:00,851.635,0.424,-0.002,852.058
2018/27/08,13:45:00,951.888,0.43,-0.002,952.316
2018/27/08,14:00:00,924.217,0.43,-0.002,924.645
2018/27/08,14:15:00,978.855,0.433,-0.002,979.286
2018/27/08,14:30:00,803.491,0.425,-0.002,803.914
2018/27/08,14:45:00,1299.484,0.454,-0.003,1299.935
2018/27/08,15:00:00,733.625,0.421,-0.002,734.044
2018/27/08,15:15:00,981,0.438,-0.002,981.436
2018/27/08,15:30:00,1789.767,0.486,-0.004,1790.249
2018/27/08,15:45:00,1055.293,0.443,-0.002,1055.733
2018/27/08,16:00:00,1062.202,0.445,-0.003,1062.645
2018/27/08,16:15:00,1443.014,0.459,-0.003,1443.47
2018/27/08,16:30:00,1271.744,0.407,-0.003,1272.147
2018/27/08,16:45:00,1112.948,0.401,-0.004,1113.346
2018/27/08,17:00:00,956.442,0.395,-0.004,956.833
2018/27/08,17:15:00,813.865,0.39,-0.003,814.253
2018/27/08,17:30:00,652.616,0.386,-0.003,652.999
2018/27/08,17:45:00,504.024,0.376,-0.002,504.398
2018/27/08,18:00:00,349.1,0.369,-0.002,349.467
2018/27/08,18:15:00,197.932,0.363,-0.001,198.294
2018/27/08,18:30:00,56.553,0.362,-0.001,56.914
2018/27/08,18:45:00,18.628,0.361,0,18.988
2018/27/08,19:00:00,0.455,0.247,-0.002,0.7
2018/27/08,19:15:00,-0.232,0.239,-0.002,0.005
2018/27/08,19:30:00,-0.312,0.239,-0.002,-0.074
2018/27/08,19:45:00,-0.315,0.238,-0.001,-0.077
2018/27/08,20:00:00,-0.31,0.239,-0.002,-0.072
2018/27/08,20:15:00,-0.314,0.237,-0.001,-0.078
2018/27/08,20:30:00,-0.315,0.236,-0.001,-0.08
2018/27/08,20:45:00,-0.317,0.235,-0.001,-0.083
2018/27/08,21:00:00,-0.315,0.237,-0.001,-0.08
2018/27/08,21:15:00,-0.317,0.236,-0.001,-0.082
2018/27/08,21:30:00,-0.317,0.236,-0.001,-0.082
2018/27/08,21:45:00,-0.319,0.235,0,-0.084
2018/27/08,22:00:00,-0.321,0.233,0,-0.088
2018/27/08,22:15:00,-0.321,0.234,0,-0.088
2018/27/08,22:30:00,-0.318,0.235,0,-0.084
2018/27/08,22:45:00,-0.32,0.237,0,-0.083
2018/27/08,23:00:00,-0.317,0.238,0,-0.079
2018/27/08,23:15:00,-0.317,0.241,0,-0.076
2018/27/08,23:30:00,-0.316,0.242,0,-0.074
2018/27/08,23:45:00,-0.319,0.243,0,-0.076
2018/28/08,00:00:00,-0.318,0.243,0,-0.074
2018/28/08,00:15:00,-0.317,0.25,0.001,-0.067
2018/28/08,00:30:00,-0.317,0.249,0.001,-0.068
2018/28/08,00:45:00,-0.321,0.246,0.001,-0.075
2018/28/08,01:00:00,-0.334,0.246,0.001,-0.087
2018/28/08,01:15:00,-0.32,0.249,0.001,-0.07
2018/28/08,01:30:00,-0.32,0.249,0.001,-0.07
2018/28/08,01:45:00,-0.32,0.249,0.001,-0.07
2018/28/08,02:00:00,-0.32,0.25,0.001,-0.069
2018/28/08,02:15:00,-0.319,0.25,0.001,-0.068
2018/28/08,02:30:00,-0.319,0.252,0.001,-0.067
2018/28/08,02:45:00,-0.318,0.254,0.001,-0.064
2018/28/08,03:00:00,-0.317,0.253,0.001,-0.064
2018/28/08,03:15:00,-0.318,0.254,0.001,-0.063
2018/28/08,03:30:00,-0.318,0.254,0.001,-0.063
2018/28/08,03:45:00,-0.317,0.255,0.001,-0.062
2018/28/08,04:00:00,-0.318,0.255,0.001,-0.063
2018/28/08,04:15:00,-0.319,0.254,0.001,-0.064
2018/28/08,04:30:00,-0.321,0.25,0.001,-0.07
2018/28/08,04:45:00,-0.322,0.249,0.001,-0.072
2018/28/08,05:00:00,-0.322,0.249,0.001,-0.072
2018/28/08,05:15:00,-0.323,0.248,0.001,-0.074
2018/28/08,05:30:00,-0.321,0.248,0.001,-0.073
2018/28/08,05:45:00,-0.321,0.248,0,-0.073
2018/28/08,06:00:00,-0.323,0.247,0.001,-0.075
2018/28/08,06:15:00,-0.322,0.245,0,-0.076
2018/28/08,06:30:00,-0.319,0.248,0,-0.071
2018/28/08,06:45:00,-0.319,0.249,0,-0.07
2018/28/08,07:00:00,-0.315,0.249,-0.001,-0.067
2018/28/08,07:15:00,-0.317,0.246,-0.001,-0.073
2018/28/08,07:30:00,-0.316,0.243,-0.001,-0.074
2018/28/08,07:45:00,-0.181,0.241,-0.001,0.059
2018/28/08,08:00:00,0.05,0.241,-0.002,0.289
2018/28/08,08:15:00,21.155,0.31,-0.001,21.464
2018/28/08,08:30:00,98.347,0.355,-0.002,98.7
2018/28/08,08:45:00,318.668,0.356,-0.002,319.022
2018/28/08,09:00:00,301.815,0.358,-0.002,302.171
2018/28/08,09:15:00,317.004,0.357,-0.001,317.359
2018/28/08,09:30:00,609.109,0.367,-0.003,609.474
2018/28/08,09:45:00,522.937,0.372,-0.002,523.307
2018/28/08,10:00:00,623.638,0.38,-0.002,624.016
2018/28/08,10:15:00,1094.191,0.397,-0.004,1094.584
2018/28/08,10:30:00,709.499,0.384,-0.003,709.881
2018/28/08,10:45:00,644.087,0.385,-0.003,644.469
2018/28/08,11:00:00,1620.677,0.425,-0.005,1621.098
2018/28/08,11:15:00,1657.421,0.426,-0.004,1657.843
2018/28/08,11:30:00,1691.583,0.427,-0.004,1692.006
2018/28/08,11:45:00,1360.357,0.411,-0.003,1360.764
2018/28/08,12:00:00,2018.656,0.436,-0.005,2019.087
2018/28/08,12:15:00,2018.447,0.436,-0.005,2018.878
2018/28/08,12:30:00,1839.001,0.429,-0.005,1839.425
2018/28/08,12:45:00,2081.712,0.439,-0.005,2082.146
2018/28/08,13:00:00,1812.189,0.429,-0.004,1812.615
2018/28/08,13:15:00,1829.539,0.43,-0.005,1829.964
2018/28/08,13:30:00,1414.844,0.415,-0.003,1415.256
2018/28/08,13:45:00,1272.657,0.409,-0.003,1273.064
2018/28/08,14:00:00,1164.034,0.405,-0.002,1164.437
2018/28/08,14:15:00,1501.139,0.417,-0.003,1501.552
2018/28/08,14:30:00,1074.849,0.401,-0.002,1075.248
2018/28/08,14:45:00,950.442,0.4,-0.002,950.84
2018/28/08,15:00:00,930.539,0.399,-0.003,930.935
2018/28/08,15:15:00,702.456,0.391,-0.002,702.846
2018/28/08,15:30:00,589.404,0.389,-0.002,589.792
2018/28/08,15:45:00,582.649,0.389,-0.001,583.037
2018/28/08,16:00:00,694.106,0.395,-0.002,694.499
2018/28/08,16:15:00,525.119,0.387,-0.001,525.505
2018/28/08,16:30:00,331.433,0.377,-0.001,331.809
2018/28/08,16:45:00,229.509,0.371,-0.001,229.879
2018/28/08,17:00:00,304.478,0.373,-0.002,304.848
2018/28/08,17:15:00,432.242,0.381,-0.002,432.62
2018/28/08,17:30:00,355.042,0.377,-0.002,355.417
2018/28/08,17:45:00,201.564,0.37,-0.001,201.933
2018/28/08,18:00:00,172.898,0.369,-0.001,173.266
2018/28/08,18:15:00,97.434,0.369,-0.001,97.802
2018/28/08,18:30:00,50.282,0.367,-0.001,50.647
2018/28/08,18:45:00,5.402,0.304,-0.001,5.705
2018/28/08,19:00:00,-0.032,0.252,-0.002,0.218
2018/28/08,19:15:00,-0.31,0.256,-0.002,-0.056
2018/28/08,19:30:00,-0.311,0.256,-0.001,-0.057
2018/28/08,19:45:00,-0.31,0.255,-0.001,-0.057
2018/28/08,20:00:00,-0.313,0.253,-0.002,-0.061
2018/28/08,20:15:00,-0.314,0.252,-0.001,-0.063
2018/28/08,20:30:00,-0.313,0.25,-0.001,-0.065
2018/28/08,20:45:00,-0.315,0.253,-0.001,-0.063
2018/28/08,21:00:00,-0.313,0.252,-0.001,-0.062
2018/28/08,21:15:00,-0.315,0.251,-0.001,-0.065
2018/28/08,21:30:00,-0.318,0.246,-0.001,-0.073
2018/28/08,21:45:00,-0.317,0.251,0,-0.066
2018/28/08,22:00:00,-0.316,0.252,0,-0.064
2018/28/08,22:15:00,-0.317,0.253,0,-0.064
2018/28/08,22:30:00,-0.314,0.254,0,-0.061
2018/28/08,22:45:00,-0.319,0.247,0,-0.072
2018/28/08,23:00:00,-0.317,0.25,0,-0.067
2018/28/08,23:15:00,-0.316,0.254,0,-0.062
2018/28/08,23:30:00,-0.317,0.255,0,-0.062
2018/28/08,23:45:00,-0.318,0.255,0,-0.062
2018/29/08,00:00:00,-0.317,0.257,0,-0.059
2018/29/08,00:15:00,-0.318,0.264,0.001,-0.053
2018/29/08,00:30:00,-0.317,0.265,0.001,-0.051
2018/29/08,00:45:00,-0.319,0.263,0.001,-0.055
2018/29/08,01:00:00,-0.332,0.267,0.001,-0.064
2018/29/08,01:15:00,-0.317,0.266,0.001,-0.05
2018/29/08,01:30:00,-0.318,0.268,0.001,-0.049
2018/29/08,01:45:00,-0.318,0.268,0.001,-0.049
2018/29/08,02:00:00,-0.316,0.27,0.001,-0.045
2018/29/08,02:15:00,-0.319,0.263,0.001,-0.055
2018/29/08,02:30:00,-0.319,0.262,0.001,-0.056
2018/29/08,02:45:00,-0.319,0.263,0.001,-0.056
2018/29/08,03:00:00,-0.319,0.265,0.001,-0.053
2018/29/08,03:15:00,-0.319,0.264,0.001,-0.054
2018/29/08,03:30:00,-0.318,0.265,0.001,-0.052
2018/29/08,03:45:00,-0.318,0.265,0.001,-0.052
2018/29/08,04:00:00,-0.317,0.266,0.001,-0.051
2018/29/08,04:15:00,-0.319,0.266,0.001,-0.052
2018/29/08,04:30:00,-0.318,0.267,0.001,-0.05
2018/29/08,04:45:00,-0.318,0.267,0.001,-0.051
2018/29/08,05:00:00,-0.319,0.268,0.001,-0.051
2018/29/08,05:15:00,-0.32,0.267,0.001,-0.051
2018/29/08,05:30:00,-0.318,0.268,0.001,-0.05
2018/29/08,05:45:00,-0.318,0.267,0.001,-0.051
2018/29/08,06:00:00,-0.318,0.266,0.001,-0.051
2018/29/08,06:15:00,-0.315,0.271,0,-0.044
2018/29/08,06:30:00,-0.314,0.273,0,-0.041
2018/29/08,06:45:00,-0.316,0.27,0,-0.046
2018/29/08,07:00:00,-0.313,0.269,-0.001,-0.045
2018/29/08,07:15:00,-0.317,0.264,0,-0.054
2018/29/08,07:30:00,-0.316,0.262,0,-0.055
2018/29/08,07:45:00,-0.319,0.259,0,-0.06
2018/29/08,08:00:00,-0.319,0.259,0,-0.06
2018/29/08,08:15:00,-0.313,0.259,-0.001,-0.056
2018/29/08,08:30:00,-0.316,0.26,-0.001,-0.056
2018/29/08,08:45:00,-0.314,0.255,-0.001,-0.06
2018/29/08,09:00:00,-0.182,0.253,-0.001,0.07
2018/29/08,09:15:00,-0.125,0.248,-0.001,0.121
2018/29/08,09:30:00,4.962,0.27,-0.001,5.232
2018/29/08,09:45:00,52.241,0.362,0,52.603
2018/29/08,10:00:00,286.893,0.372,-0.001,287.264
2018/29/08,10:15:00,181.214,0.368,-0.002,181.58
2018/29/08,10:30:00,214.73,0.371,-0.001,215.1
2018/29/08,10:45:00,698.265,0.396,-0.002,698.659
2018/29/08,11:00:00,1689.741,0.435,-0.005,1690.172
2018/29/08,11:15:00,1021.117,0.41,-0.002,1021.524
2018/29/08,11:30:00,1055.704,0.409,-0.002,1056.112
2018/29/08,11:45:00,1657.779,0.435,-0.003,1658.211
2018/29/08,12:00:00,798.854,0.402,-0.002,799.254
2018/29/08,12:15:00,1432.964,0.426,-0.003,1433.387
2018/29/08,12:30:00,1024.393,0.412,-0.002,1024.803
2018/29/08,12:45:00,562,0.396,-0.001,562.395
2018/29/08,13:00:00,1060.18,0.415,-0.003,1060.592
2018/29/08,13:15:00,1827.085,0.443,-0.004,1827.524
2018/29/08,13:30:00,1036.799,0.41,-0.002,1037.207
2018/29/08,13:45:00,1901.758,0.445,-0.004,1902.199
2018/29/08,14:00:00,1599.856,0.433,-0.004,1600.286
2018/29/08,14:15:00,1328.635,0.422,-0.003,1329.054
2018/29/08,14:30:00,1044.84,0.412,-0.002,1045.249
2018/29/08,14:45:00,1769.137,0.436,-0.004,1769.569
2018/29/08,15:00:00,1003.724,0.407,-0.003,1004.128
2018/29/08,15:15:00,1786.407,0.423,-0.004,1786.826
2018/29/08,15:30:00,1238.359,0.423,-0.003,1238.779
2018/29/08,15:45:00,1486.663,0.436,-0.004,1487.096
2018/29/08,16:00:00,1601.888,0.44,-0.004,1602.324
2018/29/08,16:15:00,1365.361,0.432,-0.004,1365.789
2018/29/08,16:30:00,1275.603,0.427,-0.003,1276.026
2018/29/08,16:45:00,1169.263,0.422,-0.004,1169.681
2018/29/08,17:00:00,993.74,0.415,-0.004,994.151
2018/29/08,17:15:00,862.952,0.408,-0.003,863.357
2018/29/08,17:30:00,793.482,0.407,-0.003,793.886
2018/29/08,17:45:00,563.061,0.397,-0.002,563.456
2018/29/08,18:00:00,402.461,0.393,-0.002,402.852
2018/29/08,18:15:00,272.463,0.39,-0.001,272.852
2018/29/08,18:30:00,69.947,0.381,-0.001,70.327
2018/29/08,18:45:00,9.963,0.355,-0.001,10.317
2018/29/08,19:00:00,0.101,0.265,-0.002,0.364
2018/29/08,19:15:00,-0.238,0.266,-0.002,0.026
2018/29/08,19:30:00,-0.309,0.266,-0.002,-0.045
2018/29/08,19:45:00,-0.311,0.265,-0.001,-0.048
2018/29/08,20:00:00,-0.31,0.264,-0.002,-0.047
2018/29/08,20:15:00,-0.31,0.267,-0.001,-0.044
2018/29/08,20:30:00,-0.307,0.268,-0.001,-0.04
2018/29/08,20:45:00,-0.312,0.265,-0.001,-0.048
2018/29/08,21:00:00,-0.313,0.262,-0.001,-0.051
2018/29/08,21:15:00,-0.314,0.263,-0.001,-0.051
2018/29/08,21:30:00,-0.314,0.264,-0.001,-0.05
2018/29/08,21:45:00,-0.316,0.264,0,-0.052
2018/29/08,22:00:00,-0.316,0.265,0,-0.051
2018/29/08,22:15:00,-0.317,0.265,0,-0.052
2018/29/08,22:30:00,-0.315,0.268,0,-0.047
2018/29/08,22:45:00,-0.315,0.267,0,-0.048
2018/29/08,23:00:00,-0.315,0.268,0,-0.047
2018/29/08,23:15:00,-0.315,0.269,0,-0.046
2018/29/08,23:30:00,-0.317,0.265,0,-0.052
2018/29/08,23:45:00,-0.32,0.261,0,-0.059
2018/30/08,00:00:00,-0.32,0.26,0,-0.06
2018/30/08,00:15:00,-0.321,0.262,0,-0.058
2018/30/08,00:30:00,-0.319,0.266,0.001,-0.052
2018/30/08,00:45:00,-0.319,0.266,0.001,-0.052
2018/30/08,01:00:00,-0.333,0.268,0.001,-0.064
2018/30/08,01:15:00,-0.319,0.27,0.001,-0.048
2018/30/08,01:30:00,-0.319,0.271,0.001,-0.047
2018/30/08,01:45:00,-0.317,0.271,0.001,-0.045
2018/30/08,02:00:00,-0.317,0.272,0.001,-0.044
2018/30/08,02:15:00,-0.317,0.272,0.001,-0.044
2018/30/08,02:30:00,-0.316,0.275,0.001,-0.04
2018/30/08,02:45:00,-0.316,0.275,0.001,-0.041
2018/30/08,03:00:00,-0.317,0.274,0.001,-0.042
2018/30/08,03:15:00,-0.317,0.274,0.001,-0.042
2018/30/08,03:30:00,-0.317,0.275,0.001,-0.042
2018/30/08,03:45:00,-0.316,0.275,0.001,-0.041
2018/30/08,04:00:00,-0.315,0.276,0.001,-0.039
2018/30/08,04:15:00,-0.317,0.275,0.001,-0.041
2018/30/08,04:30:00,-0.315,0.275,0.001,-0.04
2018/30/08,04:45:00,-0.317,0.276,0.001,-0.04
2018/30/08,05:00:00,-0.316,0.276,0.001,-0.039
2018/30/08,05:15:00,-0.316,0.275,0.001,-0.04
2018/30/08,05:30:00,-0.318,0.272,0.001,-0.045
2018/30/08,05:45:00,-0.318,0.273,0.001,-0.044
2018/30/08,06:00:00,-0.317,0.27,0.001,-0.046
2018/30/08,06:15:00,-0.317,0.268,0,-0.049
2018/30/08,06:30:00,-0.317,0.266,0,-0.051
2018/30/08,06:45:00,-0.317,0.265,0,-0.052
2018/30/08,07:00:00,-0.312,0.265,-0.001,-0.048
2018/30/08,07:15:00,-0.316,0.262,-0.001,-0.055
2018/30/08,07:30:00,-0.312,0.265,-0.001,-0.048
2018/30/08,07:45:00,-0.289,0.266,-0.001,-0.025
2018/30/08,08:00:00,-0.027,0.261,-0.002,0.233
2018/30/08,08:15:00,0.097,0.257,-0.001,0.352
2018/30/08,08:30:00,50.673,0.365,-0.002,51.036
2018/30/08,08:45:00,129.972,0.374,-0.002,130.345
2018/30/08,09:00:00,182.067,0.377,-0.002,182.442
2018/30/08,09:15:00,290.879,0.38,-0.002,291.258
2018/30/08,09:30:00,915.22,0.409,-0.003,915.626
2018/30/08,09:45:00,1050.645,0.413,-0.003,1051.055
2018/30/08,10:00:00,786.622,0.403,-0.003,787.022
2018/30/08,10:15:00,697.848,0.399,-0.003,698.244
2018/30/08,10:30:00,744.031,0.402,-0.003,744.431
2018/30/08,10:45:00,864.513,0.408,-0.003,864.919
2018/30/08,11:00:00,859.184,0.407,-0.003,859.588
2018/30/08,11:15:00,1095.87,0.419,-0.002,1096.287
2018/30/08,11:30:00,1738.435,0.444,-0.004,1738.875
2018/30/08,11:45:00,2113.063,0.459,-0.005,2113.517
2018/30/08,12:00:00,1651.005,0.441,-0.003,1651.443
2018/30/08,12:15:00,2014.402,0.455,-0.004,2014.853
2018/30/08,12:30:00,1855.73,0.45,-0.005,1856.176
2018/30/08,12:45:00,1822.053,0.449,-0.004,1822.497
2018/30/08,13:00:00,1703.189,0.443,-0.004,1703.629
2018/30/08,13:15:00,1408.328,0.428,-0.003,1408.753
2018/30/08,13:30:00,1200.432,0.419,-0.003,1200.849
2018/30/08,13:45:00,1263.446,0.419,-0.002,1263.862
2018/30/08,14:00:00,1008.401,0.41,-0.002,1008.808
2018/30/08,14:15:00,1025.593,0.408,-0.002,1025.998
2018/30/08,14:30:00,946.738,0.404,-0.002,947.139
2018/30/08,14:45:00,1016.523,0.408,-0.002,1016.929
2018/30/08,15:00:00,790.487,0.401,-0.002,790.886
2018/30/08,15:15:00,1111.895,0.413,-0.003,1112.306
2018/30/08,15:30:00,1065.186,0.411,-0.002,1065.595
2018/30/08,15:45:00,833.445,0.402,-0.002,833.844
2018/30/08,16:00:00,1256.865,0.417,-0.003,1257.279
2018/30/08,16:15:00,1064.818,0.411,-0.003,1065.226
2018/30/08,16:30:00,821.735,0.403,-0.002,822.136
2018/30/08,16:45:00,1243.346,0.421,-0.004,1243.763
2018/30/08,17:00:00,752.02,0.4,-0.003,752.417
2018/30/08,17:15:00,708.366,0.397,-0.002,708.76
2018/30/08,17:30:00,587.141,0.392,-0.002,587.53
2018/30/08,17:45:00,603.152,0.393,-0.003,603.542
2018/30/08,18:00:00,331.946,0.382,-0.002,332.326
2018/30/08,18:15:00,265.829,0.379,-0.001,266.207
2018/30/08,18:30:00,77.147,0.374,-0.001,77.52
2018/30/08,18:45:00,19.424,0.37,-0.001,19.793
2018/30/08,19:00:00,2.134,0.296,-0.002,2.429
2018/30/08,19:15:00,-0.214,0.254,-0.001,0.039
2018/30/08,19:30:00,-0.311,0.252,-0.002,-0.061
2018/30/08,19:45:00,-0.313,0.251,-0.001,-0.063
2018/30/08,20:00:00,-0.312,0.252,-0.001,-0.062
2018/30/08,20:15:00,-0.313,0.254,-0.001,-0.061
2018/30/08,20:30:00,-0.312,0.253,-0.001,-0.06
2018/30/08,20:45:00,-0.313,0.255,-0.001,-0.058
2018/30/08,21:00:00,-0.315,0.252,-0.001,-0.063
2018/30/08,21:15:00,-0.316,0.248,0,-0.068
2018/30/08,21:30:00,-0.317,0.246,-0.001,-0.072
2018/30/08,21:45:00,-0.318,0.245,0,-0.074
2018/30/08,22:00:00,-0.318,0.246,0,-0.072
2018/30/08,22:15:00,-0.318,0.247,-0.001,-0.071
2018/30/08,22:30:00,-0.317,0.249,-0.001,-0.069
2018/30/08,22:45:00,-0.319,0.248,0,-0.071
2018/30/08,23:00:00,-0.318,0.25,0,-0.068
2018/30/08,23:15:00,-0.317,0.249,-0.001,-0.069
2018/30/08,23:30:00,-0.318,0.251,0,-0.068
2018/30/08,23:45:00,-0.318,0.251,0,-0.067
2018/31/08,00:00:00,-0.319,0.252,0,-0.067
2018/31/08,00:15:00,-0.318,0.255,0,-0.062
2018/31/08,00:30:00,-0.318,0.257,0,-0.06
2018/31/08,00:45:00,-0.319,0.257,0.001,-0.061
2018/31/08,01:00:00,-0.333,0.257,0.001,-0.075
2018/31/08,01:15:00,-0.321,0.256,0.001,-0.064
2018/31/08,01:30:00,-0.321,0.255,0.001,-0.065
2018/31/08,01:45:00,-0.321,0.255,0.001,-0.065
2018/31/08,02:00:00,-0.32,0.256,0.001,-0.063
2018/31/08,02:15:00,-0.319,0.257,0.001,-0.061
2018/31/08,02:30:00,-0.319,0.258,0.001,-0.06
2018/31/08,02:45:00,-0.319,0.259,0.001,-0.06
2018/31/08,03:00:00,-0.32,0.259,0.001,-0.061
2018/31/08,03:15:00,-0.32,0.26,0.001,-0.059
2018/31/08,03:30:00,-0.32,0.259,0.001,-0.06
2018/31/08,03:45:00,-0.319,0.26,0.001,-0.059
2018/31/08,04:00:00,-0.318,0.261,0.001,-0.057
2018/31/08,04:15:00,-0.319,0.261,0.001,-0.058
2018/31/08,04:30:00,-0.319,0.26,0.001,-0.058
2018/31/08,04:45:00,-0.318,0.261,0.001,-0.056
2018/31/08,05:00:00,-0.32,0.26,0.001,-0.058
2018/31/08,05:15:00,-0.318,0.26,0.001,-0.057
2018/31/08,05:30:00,-0.32,0.26,0.001,-0.059
2018/31/08,05:45:00,-0.319,0.259,0,-0.06
2018/31/08,06:00:00,-0.319,0.259,0,-0.06
2018/31/08,06:15:00,-0.318,0.257,0,-0.061
2018/31/08,06:30:00,-0.318,0.257,0,-0.061
2018/31/08,06:45:00,-0.318,0.257,0,-0.061
2018/31/08,07:00:00,-0.316,0.256,-0.001,-0.061
2018/31/08,07:15:00,-0.32,0.25,-0.001,-0.07
2018/31/08,07:30:00,-0.317,0.249,-0.001,-0.069
2018/31/08,07:45:00,-0.255,0.249,-0.001,-0.007
2018/31/08,08:00:00,0.043,0.254,-0.002,0.295
2018/31/08,08:15:00,40.553,0.359,-0.001,40.91
2018/31/08,08:30:00,106.284,0.367,-0.002,106.649
2018/31/08,08:45:00,216.703,0.366,-0.002,217.067
2018/31/08,09:00:00,500.701,0.372,-0.003,501.071
2018/31/08,09:15:00,662.289,0.38,-0.002,662.666
2018/31/08,09:30:00,880.53,0.397,-0.003,880.924
2018/31/08,09:45:00,838.765,0.394,-0.003,839.155
2018/31/08,10:00:00,790.985,0.395,-0.003,791.377
2018/31/08,10:15:00,1103.736,0.408,-0.004,1104.14
2018/31/08,10:30:00,1597.014,0.431,-0.005,1597.439
2018/31/08,10:45:00,1318.597,0.421,-0.004,1319.014
2018/31/08,11:00:00,978.809,0.407,-0.003,979.213
2018/31/08,11:15:00,1215.142,0.418,-0.003,1215.557
2018/31/08,11:30:00,737.852,0.4,-0.002,738.25
2018/31/08,11:45:00,1263.574,0.419,-0.003,1263.991
2018/31/08,12:00:00,1257.851,0.418,-0.003,1258.266
2018/31/08,12:15:00,1507.817,0.429,-0.004,1508.242
2018/31/08,12:30:00,1619.167,0.431,-0.004,1619.594
2018/31/08,12:45:00,1875.708,0.442,-0.004,1876.146
2018/31/08,13:00:00,2179.252,0.451,-0.005,2179.698
2018/31/08,13:15:00,1119.554,0.408,-0.003,1119.959
2018/31/08,13:30:00,2161.115,0.448,-0.005,2161.557
2018/31/08,13:45:00,1986.437,0.433,-0.005,1986.866
2018/31/08,14:00:00,1968.206,0.438,-0.005,1968.639
2018/31/08,14:15:00,1306.481,0.412,-0.003,1306.89
2018/31/08,14:30:00,1961.751,0.437,-0.005,1962.184
2018/31/08,14:45:00,1562.064,0.418,-0.004,1562.478
2018/31/08,15:00:00,550.314,0.381,-0.001,550.693
2018/31/08,15:15:00,262.476,0.365,-0.001,262.841
2018/31/08,15:30:00,1243.34,0.408,-0.003,1243.745
2018/31/08,15:45:00,790.788,0.392,-0.002,791.178
2018/31/08,16:00:00,1286.828,0.411,-0.003,1287.236
2018/31/08,16:15:00,865.931,0.395,-0.002,866.323
2018/31/08,16:30:00,312.781,0.373,-0.001,313.154
2018/31/08,16:45:00,240.816,0.37,-0.001,241.185
2018/31/08,17:00:00,141.435,0.366,-0.002,141.799
2018/31/08,17:15:00,99.773,0.365,-0.001,100.136
2018/31/08,17:30:00,65.968,0.361,-0.001,66.328
2018/31/08,17:45:00,279.722,0.369,-0.001,280.09
2018/31/08,18:00:00,434.501,0.38,-0.002,434.879
2018/31/08,18:15:00,396.875,0.382,-0.001,397.256
2018/31/08,18:30:00,73.239,0.365,-0.001,73.603
2018/31/08,18:45:00,18.768,0.358,-0.001,19.125
2018/31/08,19:00:00,0.101,0.255,-0.002,0.354
2018/31/08,19:15:00,-0.254,0.257,-0.001,0.002
2018/31/08,19:30:00,-0.31,0.255,-0.001,-0.056
2018/31/08,19:45:00,-0.31,0.254,-0.001,-0.058
2018/31/08,20:00:00,-0.309,0.253,-0.002,-0.058
2018/31/08,20:15:00,-0.309,0.257,-0.001,-0.053
2018/31/08,20:30:00,-0.31,0.255,-0.001,-0.056
2018/31/08,20:45:00,-0.312,0.256,-0.001,-0.057
2018/31/08,21:00:00,-0.31,0.257,-0.001,-0.055
2018/31/08,21:15:00,-0.315,0.251,-0.001,-0.065
2018/31/08,21:30:00,-0.313,0.253,-0.001,-0.061
2018/31/08,21:45:00,-0.315,0.254,0,-0.061
2018/31/08,22:00:00,-0.316,0.252,0,-0.064
2018/31/08,22:15:00,-0.316,0.255,0,-0.061
2018/31/08,22:30:00,-0.314,0.258,0,-0.056
2018/31/08,22:45:00,-0.314,0.256,0,-0.058
2018/31/08,23:00:00,-0.314,0.255,0,-0.059
2018/31/08,23:15:00,-0.314,0.258,0,-0.056
2018/31/08,23:30:00,-0.315,0.259,0,-0.055
2018/31/08,23:45:00,-0.316,0.259,0,-0.057
2018/01/09,00:00:00,-0.315,0.258,0,-0.058
2018/01/09,00:15:00,-0.315,0.264,0,-0.051
2018/01/09,00:30:00,-0.313,0.264,0,-0.05
2018/01/09,00:45:00,-0.313,0.264,0,-0.049
2018/01/09,01:00:00,-0.327,0.264,0,-0.063
2018/01/09,01:15:00,-0.313,0.266,0,-0.048
2018/01/09,01:30:00,-0.313,0.267,0,-0.046
2018/01/09,01:45:00,-0.316,0.264,0,-0.053
2018/01/09,02:00:00,-0.314,0.264,0,-0.05
2018/01/09,02:15:00,-0.315,0.266,0,-0.049
2018/01/09,02:30:00,-0.313,0.266,0,-0.047
2018/01/09,02:45:00,-0.313,0.266,0,-0.047
2018/01/09,03:00:00,-0.314,0.266,0,-0.047
2018/01/09,03:15:00,-0.314,0.267,0,-0.047
2018/01/09,03:30:00,-0.315,0.267,0,-0.048
2018/01/09,03:45:00,-0.317,0.268,0.001,-0.048
2018/01/09,04:00:00,-0.316,0.268,0.001,-0.048
2018/01/09,04:15:00,-0.317,0.269,0.001,-0.047
2018/01/09,04:30:00,-0.317,0.269,0.001,-0.047
2018/01/09,04:45:00,-0.316,0.268,0.001,-0.048
2018/01/09,05:00:00,-0.315,0.268,0.001,-0.047
2018/01/09,05:15:00,-0.317,0.267,0.001,-0.049
2018/01/09,05:30:00,-0.316,0.268,0.001,-0.048
2018/01/09,05:45:00,-0.315,0.267,0.001,-0.047
2018/01/09,06:00:00,-0.316,0.267,0.001,-0.048
2018/01/09,06:15:00,-0.316,0.267,0.001,-0.048
2018/01/09,06:30:00,-0.316,0.267,0.001,-0.048
2018/01/09,06:45:00,-0.316,0.266,0.001,-0.05
2018/01/09,07:00:00,-0.316,0.264,0.001,-0.051
2018/01/09,07:15:00,-0.316,0.262,0,-0.054
2018/01/09,07:30:00,-0.315,0.263,0,-0.052
2018/01/09,07:45:00,-0.216,0.263,0,0.047
2018/01/09,08:00:00,0.092,0.261,0,0.353
2018/01/09,08:15:00,31.476,0.364,0,31.84
2018/01/09,08:30:00,181.704,0.37,0,182.074
2018/01/09,08:45:00,441.528,0.378,0,441.906
2018/01/09,09:00:00,614.677,0.382,-0.001,615.058
2018/01/09,09:15:00,787.927,0.387,-0.001,788.312
2018/01/09,09:30:00,943.415,0.392,-0.002,943.805
2018/01/09,09:45:00,1142.504,0.4,-0.002,1142.903
2018/01/09,10:00:00,955.408,0.393,-0.002,955.8
2018/01/09,10:15:00,1346.347,0.409,-0.003,1346.753
2018/01/09,10:30:00,1516.656,0.417,-0.003,1517.07
2018/01/09,10:45:00,1639.058,0.423,-0.004,1639.478
2018/01/09,11:00:00,1666.209,0.426,-0.004,1666.631
2018/01/09,11:15:00,958.771,0.393,-0.002,959.162
2018/01/09,11:30:00,947.253,0.393,-0.002,947.644
2018/01/09,11:45:00,2148.385,0.444,-0.005,2148.824
2018/01/09,12:00:00,2242.395,0.448,-0.005,2242.838
2018/01/09,12:15:00,2162.38,0.446,-0.005,2162.82
2018/01/09,12:30:00,1967.874,0.435,-0.005,1968.304
2018/01/09,12:45:00,2279.557,0.447,-0.006,2279.999
2018/01/09,13:00:00,1901.11,0.434,-0.005,1901.54
2018/01/09,13:15:00,2453.57,0.456,-0.006,2454.019
2018/01/09,13:30:00,1750.829,0.428,-0.004,1751.253
2018/01/09,13:45:00,2050.398,0.437,-0.005,2050.83
2018/01/09,14:00:00,2120.749,0.44,-0.005,2121.184
2018/01/09,14:15:00,2299.289,0.45,-0.006,2299.733
2018/01/09,14:30:00,2124.448,0.444,-0.005,2124.887
2018/01/09,14:45:00,2060.425,0.441,-0.005,2060.861
2018/01/09,15:00:00,1930.649,0.43,-0.005,1931.074
2018/01/09,15:15:00,1757.456,0.426,-0.004,1757.878
2018/01/09,15:30:00,1815.903,0.429,-0.004,1816.328
2018/01/09,15:45:00,1699.332,0.422,-0.004,1699.75
2018/01/09,16:00:00,1584.462,0.42,-0.004,1584.879
2018/01/09,16:15:00,1379.936,0.414,-0.003,1380.347
2018/01/09,16:30:00,1029.362,0.4,-0.002,1029.76
2018/01/09,16:45:00,873.725,0.392,-0.002,874.115
2018/01/09,17:00:00,554.034,0.377,-0.001,554.41
2018/01/09,17:15:00,630.83,0.382,-0.001,631.211
2018/01/09,17:30:00,653.687,0.383,-0.001,654.069
2018/01/09,17:45:00,511.191,0.376,-0.001,511.567
2018/01/09,18:00:00,54.261,0.354,0,54.616
2018/01/09,18:15:00,72.541,0.367,0,72.909
2018/01/09,18:30:00,57.278,0.366,0,57.645
2018/01/09,18:45:00,56.951,0.365,0,57.316
2018/01/09,19:00:00,4.678,0.3,0,4.978
2018/01/09,19:15:00,-0.24,0.253,0,0.013
2018/01/09,19:30:00,-0.32,0.25,0,-0.07
2018/01/09,19:45:00,-0.32,0.252,0,-0.069
2018/01/09,20:00:00,-0.32,0.251,0,-0.069
2018/01/09,20:15:00,-0.32,0.253,0,-0.067
2018/01/09,20:30:00,-0.319,0.252,0,-0.067
2018/01/09,20:45:00,-0.319,0.254,0.001,-0.064
2018/01/09,21:00:00,-0.319,0.256,0,-0.063
2018/01/09,21:15:00,-0.321,0.255,0.001,-0.066
2018/01/09,21:30:00,-0.32,0.256,0.001,-0.064
2018/01/09,21:45:00,-0.319,0.256,0,-0.062
2018/01/09,22:00:00,-0.318,0.257,0,-0.061
2018/01/09,22:15:00,-0.318,0.258,0.001,-0.06
2018/01/09,22:30:00,-0.318,0.255,0.001,-0.062
2018/01/09,22:45:00,-0.319,0.254,0.001,-0.064
2018/01/09,23:00:00,-0.317,0.256,0.001,-0.061
2018/01/09,23:15:00,-0.317,0.258,0.001,-0.058
2018/01/09,23:30:00,-0.317,0.259,0.001,-0.057
2018/01/09,23:45:00,-0.317,0.26,0.001,-0.056
2018/02/09,00:00:00,-0.316,0.26,0.001,-0.056
2018/02/09,00:15:00,-0.317,0.259,0.001,-0.056
2018/02/09,00:30:00,-0.316,0.262,0.001,-0.053
2018/02/09,00:45:00,-0.316,0.262,0.001,-0.053
2018/02/09,01:00:00,-0.327,0.266,0.001,-0.061
2018/02/09,01:15:00,-0.315,0.265,0.001,-0.05
2018/02/09,01:30:00,-0.314,0.267,0.001,-0.046
2018/02/09,01:45:00,-0.315,0.259,0.001,-0.055
2018/02/09,02:00:00,-0.316,0.259,0.001,-0.056
2018/02/09,02:15:00,-0.317,0.258,0.001,-0.058
2018/02/09,02:30:00,-0.317,0.261,0.001,-0.055
2018/02/09,02:45:00,-0.317,0.261,0.001,-0.054
2018/02/09,03:00:00,-0.318,0.263,0.001,-0.054
2018/02/09,03:15:00,-0.317,0.263,0.001,-0.053
2018/02/09,03:30:00,-0.317,0.262,0.001,-0.053
2018/02/09,03:45:00,-0.317,0.264,0.001,-0.052
2018/02/09,04:00:00,-0.317,0.264,0.001,-0.052
2018/02/09,04:15:00,-0.317,0.265,0.001,-0.05
2018/02/09,04:30:00,-0.317,0.266,0.001,-0.05
2018/02/09,04:45:00,-0.316,0.266,0.001,-0.048
2018/02/09,05:00:00,-0.316,0.267,0.001,-0.048
2018/02/09,05:15:00,-0.317,0.268,0.001,-0.048
2018/02/09,05:30:00,-0.317,0.267,0.001,-0.049
2018/02/09,05:45:00,-0.317,0.267,0.001,-0.049
2018/02/09,06:00:00,-0.317,0.268,0.001,-0.048
2018/02/09,06:15:00,-0.316,0.267,0.001,-0.048
2018/02/09,06:30:00,-0.316,0.266,0.001,-0.049
2018/02/09,06:45:00,-0.315,0.267,0.001,-0.048
2018/02/09,07:00:00,-0.317,0.266,0.001,-0.05
2018/02/09,07:15:00,-0.316,0.266,0.001,-0.05
2018/02/09,07:30:00,-0.316,0.264,0.001,-0.051
2018/02/09,07:45:00,-0.303,0.264,0,-0.039
2018/02/09,08:00:00,-0.127,0.265,0,0.139
2018/02/09,08:15:00,8.238,0.287,0.001,8.526
2018/02/09,08:30:00,95.214,0.371,0.001,95.586
2018/02/09,08:45:00,197.479,0.385,0.001,197.864
2018/02/09,09:00:00,261.924,0.386,0,262.31
2018/02/09,09:15:00,282.039,0.381,0,282.42
2018/02/09,09:30:00,326.18,0.385,0,326.565
2018/02/09,09:45:00,241.737,0.377,0,242.114
2018/02/09,10:00:00,141.112,0.369,0,141.481
2018/02/09,10:15:00,181.838,0.369,0,182.208
2018/02/09,10:30:00,82.632,0.367,0.001,83
2018/02/09,10:45:00,459.577,0.384,0,459.961
2018/02/09,11:00:00,395.857,0.395,0,396.252
2018/02/09,11:15:00,428.703,0.394,0,429.097
2018/02/09,11:30:00,333.7,0.389,0,334.09
2018/02/09,11:45:00,270.725,0.379,0,271.105
2018/02/09,12:00:00,251.835,0.377,0,252.212
2018/02/09,12:15:00,325.813,0.376,0,326.19
2018/02/09,12:30:00,242.68,0.375,0,243.055
2018/02/09,12:45:00,191.157,0.375,0,191.532
2018/02/09,13:00:00,1297.633,0.42,-0.003,1298.051
2018/02/09,13:15:00,730.814,0.399,-0.001,731.211
2018/02/09,13:30:00,596.203,0.394,-0.001,596.596
2018/02/09,13:45:00,694.929,0.393,-0.001,695.321
2018/02/09,14:00:00,857.176,0.405,-0.001,857.58
2018/02/09,14:15:00,938.004,0.408,-0.001,938.41
2018/02/09,14:30:00,627.982,0.395,0,628.376
2018/02/09,14:45:00,571.891,0.393,0,572.283
2018/02/09,15:00:00,473.287,0.385,0,473.672
2018/02/09,15:15:00,377.326,0.382,0,377.708
2018/02/09,15:30:00,412.335,0.387,0,412.722
2018/02/09,15:45:00,387.3,0.388,0,387.688
2018/02/09,16:00:00,1071.778,0.415,-0.002,1072.191
2018/02/09,16:15:00,755.941,0.401,-0.001,756.34
2018/02/09,16:30:00,494.546,0.389,0,494.935
2018/02/09,16:45:00,519.355,0.392,-0.001,519.747
2018/02/09,17:00:00,783.575,0.405,-0.001,783.978
2018/02/09,17:15:00,568.635,0.396,0,569.031
2018/02/09,17:30:00,533.241,0.393,0,533.633
2018/02/09,17:45:00,359.668,0.381,0,360.049
2018/02/09,18:00:00,240.785,0.374,0.001,241.159
2018/02/09,18:15:00,166.145,0.376,0,166.522
2018/02/09,18:30:00,38.554,0.369,0.001,38.924
2018/02/09,18:45:00,31.415,0.351,0.001,31.766
2018/02/09,19:00:00,0.093,0.269,0,0.363
2018/02/09,19:15:00,-0.191,0.264,0,0.074
2018/02/09,19:30:00,-0.315,0.262,0,-0.053
2018/02/09,19:45:00,-0.316,0.261,0,-0.054
2018/02/09,20:00:00,-0.316,0.263,0,-0.052
2018/02/09,20:15:00,-0.318,0.264,0.001,-0.053
2018/02/09,20:30:00,-0.318,0.263,0,-0.054
2018/02/09,20:45:00,-0.318,0.264,0.001,-0.053
2018/02/09,21:00:00,-0.319,0.262,0.001,-0.056
2018/02/09,21:15:00,-0.321,0.261,0.001,-0.059
2018/02/09,21:30:00,-0.319,0.262,0,-0.056
2018/02/09,21:45:00,-0.321,0.261,0.001,-0.059
2018/02/09,22:00:00,-0.319,0.262,0,-0.057
2018/02/09,22:15:00,-0.319,0.263,0.001,-0.055
2018/02/09,22:30:00,-0.316,0.267,0.001,-0.049
2018/02/09,22:45:00,-0.317,0.268,0.001,-0.048
2018/02/09,23:00:00,-0.316,0.267,0.001,-0.049
2018/02/09,23:15:00,-0.316,0.271,0.001,-0.045
2018/02/09,23:30:00,-0.315,0.271,0.001,-0.043
2018/02/09,23:45:00,-0.315,0.272,0.001,-0.043
2018/03/09,00:00:00,-0.315,0.271,0.001,-0.043
2018/03/09,00:15:00,-0.315,0.272,0.001,-0.042
2018/03/09,00:30:00,-0.314,0.273,0.001,-0.04
2018/03/09,00:45:00,-0.316,0.272,0.001,-0.043
2018/03/09,01:00:00,-0.331,0.27,0.001,-0.06
2018/03/09,01:15:00,-0.317,0.271,0.001,-0.044
2018/03/09,01:30:00,-0.317,0.272,0.001,-0.043
2018/03/09,01:45:00,-0.317,0.272,0.001,-0.043
2018/03/09,02:00:00,-0.317,0.273,0.001,-0.042
2018/03/09,02:15:00,-0.316,0.274,0.001,-0.041
2018/03/09,02:30:00,-0.317,0.274,0.001,-0.042
2018/03/09,02:45:00,-0.315,0.275,0.001,-0.039
2018/03/09,03:00:00,-0.316,0.274,0.001,-0.04
2018/03/09,03:15:00,-0.316,0.274,0.001,-0.04
2018/03/09,03:30:00,-0.317,0.275,0.001,-0.041
2018/03/09,03:45:00,-0.317,0.275,0.001,-0.041
2018/03/09,04:00:00,-0.316,0.274,0.001,-0.04
2018/03/09,04:15:00,-0.316,0.273,0.001,-0.042
2018/03/09,04:30:00,-0.317,0.274,0.001,-0.041
2018/03/09,04:45:00,-0.316,0.274,0.001,-0.041
2018/03/09,05:00:00,-0.317,0.273,0.001,-0.044
2018/03/09,05:15:00,-0.316,0.271,0.001,-0.044
2018/03/09,05:30:00,-0.316,0.273,0.001,-0.042
2018/03/09,05:45:00,-0.316,0.271,0.001,-0.044
2018/03/09,06:00:00,-0.314,0.272,0.001,-0.041
2018/03/09,06:15:00,-0.314,0.269,0.001,-0.044
2018/03/09,06:30:00,-0.314,0.267,0,-0.047
2018/03/09,06:45:00,-0.315,0.265,0,-0.049
2018/03/09,07:00:00,-0.312,0.263,0,-0.05
2018/03/09,07:15:00,-0.316,0.258,0,-0.058
2018/03/09,07:30:00,-0.315,0.259,0,-0.056
2018/03/09,07:45:00,-0.19,0.257,-0.001,0.067
2018/03/09,08:00:00,17.457,0.325,-0.001,17.781
2018/03/09,08:15:00,77.27,0.357,-0.001,77.626
2018/03/09,08:30:00,35.195,0.353,-0.002,35.547
2018/03/09,08:45:00,97.283,0.354,-0.001,97.636
2018/03/09,09:00:00,617.476,0.372,-0.003,617.845
2018/03/09,09:15:00,1023.775,0.39,-0.003,1024.161
2018/03/09,09:30:00,386.006,0.364,-0.002,386.368
2018/03/09,09:45:00,336.275,0.365,-0.002,336.639
2018/03/09,10:00:00,608.112,0.381,-0.003,608.49
2018/03/09,10:15:00,480.164,0.376,-0.002,480.539
2018/03/09,10:30:00,1078.992,0.399,-0.005,1079.386
2018/03/09,10:45:00,1352.399,0.408,-0.005,1352.803
2018/03/09,11:00:00,646.457,0.387,-0.002,646.841
2018/03/09,11:15:00,689.262,0.389,-0.001,689.65
2018/03/09,11:30:00,87.612,0.359,0,87.971
2018/03/09,11:45:00,280.694,0.364,-0.001,281.058
2018/03/09,12:00:00,524.429,0.376,-0.001,524.803
2018/03/09,12:15:00,1386.412,0.412,-0.003,1386.821
2018/03/09,12:30:00,1682.69,0.426,-0.004,1683.112
2018/03/09,12:45:00,1833.808,0.431,-0.005,1834.235
2018/03/09,13:00:00,1482.167,0.421,-0.004,1482.584
2018/03/09,13:15:00,696.096,0.375,-0.002,696.469
2018/03/09,13:30:00,413.696,0.346,-0.001,414.041
2018/03/09,13:45:00,1439.692,0.381,-0.003,1440.069
2018/03/09,14:00:00,2070.196,0.426,-0.005,2070.616
2018/03/09,14:15:00,388.275,0.363,-0.001,388.638
2018/03/09,14:30:00,345.465,0.36,-0.001,345.824
2018/03/09,14:45:00,473.655,0.366,-0.001,474.02
2018/03/09,15:00:00,348.707,0.36,-0.001,349.066
2018/03/09,15:15:00,333.468,0.36,-0.001,333.827
2018/03/09,15:30:00,238.567,0.351,-0.001,238.918
2018/03/09,15:45:00,496.325,0.366,-0.001,496.69
2018/03/09,16:00:00,170.761,0.354,-0.001,171.114
2018/03/09,16:15:00,1276.854,0.398,-0.004,1277.248
2018/03/09,16:30:00,859.755,0.382,-0.003,860.134
2018/03/09,16:45:00,250.524,0.358,-0.001,250.881
2018/03/09,17:00:00,714.937,0.376,-0.003,715.31
2018/03/09,17:15:00,733.288,0.38,-0.003,733.665
2018/03/09,17:30:00,210.809,0.355,-0.001,211.162
2018/03/09,17:45:00,610.235,0.37,-0.002,610.603
2018/03/09,18:00:00,372.534,0.36,-0.002,372.892
2018/03/09,18:15:00,102.533,0.349,-0.001,102.88
2018/03/09,18:30:00,47.077,0.344,-0.001,47.421
2018/03/09,18:45:00,39.109,0.344,0,39.452
2018/03/09,19:00:00,4.856,0.285,-0.001,5.14
2018/03/09,19:15:00,-0.123,0.234,-0.001,0.11
2018/03/09,19:30:00,-0.31,0.231,-0.002,-0.08
2018/03/09,19:45:00,-0.312,0.231,-0.001,-0.082
2018/03/09,20:00:00,-0.311,0.232,-0.001,-0.08
2018/03/09,20:15:00,-0.309,0.231,-0.002,-0.08
2018/03/09,20:30:00,-0.31,0.231,-0.001,-0.08
2018/03/09,20:45:00,-0.311,0.228,-0.001,-0.084
2018/03/09,21:00:00,-0.311,0.229,-0.001,-0.083
2018/03/09,21:15:00,-0.31,0.229,-0.001,-0.082
2018/03/09,21:30:00,-0.312,0.225,-0.001,-0.088
2018/03/09,21:45:00,-0.315,0.226,0,-0.089
2018/03/09,22:00:00,-0.316,0.225,0,-0.091
2018/03/09,22:15:00,-0.317,0.227,0,-0.09
2018/03/09,22:30:00,-0.315,0.231,0,-0.084
2018/03/09,22:45:00,-0.315,0.233,0,-0.082
2018/03/09,23:00:00,-0.313,0.232,0,-0.081
2018/03/09,23:15:00,-0.314,0.234,0,-0.08
2018/03/09,23:30:00,-0.316,0.231,0,-0.085
2018/03/09,23:45:00,-0.318,0.231,0,-0.087
2018/04/09,00:00:00,-0.32,0.229,0.001,-0.09
2018/04/09,00:15:00,-0.319,0.234,0.001,-0.084
2018/04/09,00:30:00,-0.318,0.234,0.001,-0.083
2018/04/09,00:45:00,-0.318,0.234,0.001,-0.083
2018/04/09,01:00:00,-0.333,0.235,0.001,-0.096
2018/04/09,01:15:00,-0.318,0.236,0.001,-0.081
2018/04/09,01:30:00,-0.317,0.235,0.001,-0.081
2018/04/09,01:45:00,-0.319,0.235,0.001,-0.083
2018/04/09,02:00:00,-0.319,0.234,0.001,-0.083
2018/04/09,02:15:00,-0.319,0.235,0.001,-0.083
2018/04/09,02:30:00,-0.318,0.236,0.001,-0.081
2018/04/09,02:45:00,-0.318,0.236,0.001,-0.081
2018/04/09,03:00:00,-0.317,0.236,0.001,-0.08
2018/04/09,03:15:00,-0.318,0.236,0.001,-0.081
2018/04/09,03:30:00,-0.318,0.237,0.001,-0.08
2018/04/09,03:45:00,-0.317,0.237,0.001,-0.079
2018/04/09,04:00:00,-0.317,0.237,0.001,-0.079
2018/04/09,04:15:00,-0.318,0.237,0.001,-0.08
2018/04/09,04:30:00,-0.318,0.238,0.001,-0.079
2018/04/09,04:45:00,-0.318,0.236,0.001,-0.081
2018/04/09,05:00:00,-0.318,0.236,0.001,-0.081
2018/04/09,05:15:00,-0.318,0.235,0.001,-0.081
2018/04/09,05:30:00,-0.318,0.235,0.001,-0.082
2018/04/09,05:45:00,-0.316,0.234,0.001,-0.081
2018/04/09,06:00:00,-0.317,0.232,0.001,-0.084
2018/04/09,06:15:00,-0.317,0.23,0,-0.087
2018/04/09,06:30:00,-0.317,0.23,0,-0.086
2018/04/09,06:45:00,-0.317,0.229,0,-0.087
2018/04/09,07:00:00,-0.313,0.229,-0.001,-0.085
2018/04/09,07:15:00,-0.314,0.228,0,-0.087
2018/04/09,07:30:00,-0.314,0.226,-0.001,-0.089
2018/04/09,07:45:00,-0.144,0.224,-0.001,0.079
2018/04/09,08:00:00,0.095,0.221,-0.001,0.315
2018/04/09,08:15:00,76.059,0.325,-0.001,76.383
2018/04/09,08:30:00,328.397,0.346,-0.002,328.74
2018/04/09,08:45:00,520.171,0.348,-0.002,520.516
2018/04/09,09:00:00,679.706,0.352,-0.003,680.055
2018/04/09,09:15:00,853.79,0.362,-0.003,854.149
2018/04/09,09:30:00,1105.929,0.374,-0.004,1106.299
2018/04/09,09:45:00,1247.489,0.383,-0.004,1247.868
2018/04/09,10:00:00,1361.433,0.386,-0.004,1361.815
2018/04/09,10:15:00,1465.282,0.388,-0.005,1465.664
2018/04/09,10:30:00,932.88,0.366,-0.004,933.243
2018/04/09,10:45:00,802.087,0.36,-0.003,802.445
2018/04/09,11:00:00,818.618,0.362,-0.003,818.977
2018/04/09,11:15:00,907.411,0.368,-0.002,907.776
2018/04/09,11:30:00,1231.231,0.379,-0.003,1231.607
2018/04/09,11:45:00,1470.631,0.388,-0.003,1471.016
2018/04/09,12:00:00,1638.485,0.395,-0.004,1638.875
2018/04/09,12:15:00,886.057,0.365,-0.002,886.421
2018/04/09,12:30:00,870.933,0.367,-0.002,871.298
2018/04/09,12:45:00,1260.053,0.381,-0.003,1260.431
2018/04/09,13:00:00,1646.467,0.395,-0.004,1646.857
2018/04/09,13:15:00,1679.489,0.395,-0.004,1679.88
2018/04/09,13:30:00,1169.087,0.377,-0.003,1169.46
2018/04/09,13:45:00,1953.469,0.405,-0.004,1953.87
2018/04/09,14:00:00,1778.131,0.4,-0.004,1778.526
2018/04/09,14:15:00,1334.313,0.382,-0.003,1334.692
2018/04/09,14:30:00,856.526,0.366,-0.002,856.89
2018/04/09,14:45:00,1199.912,0.379,-0.003,1200.287
2018/04/09,15:00:00,1053.334,0.372,-0.003,1053.703
2018/04/09,15:15:00,1126.103,0.374,-0.003,1126.473
2018/04/09,15:30:00,674.476,0.358,-0.001,674.832
2018/04/09,15:45:00,528.598,0.351,-0.001,528.948
2018/04/09,16:00:00,421.288,0.347,-0.001,421.634
2018/04/09,16:15:00,624.149,0.357,-0.002,624.505
2018/04/09,16:30:00,750.687,0.362,-0.002,751.046
2018/04/09,16:45:00,909.028,0.368,-0.003,909.393
2018/04/09,17:00:00,795.262,0.363,-0.004,795.621
2018/04/09,17:15:00,738.46,0.361,-0.003,738.818
2018/04/09,17:30:00,490.115,0.35,-0.002,490.463
2018/04/09,17:45:00,674.228,0.357,-0.003,674.582
2018/04/09,18:00:00,458.723,0.351,-0.002,459.072
2018/04/09,18:15:00,320.172,0.344,-0.002,320.515
2018/04/09,18:30:00,127.73,0.336,-0.001,128.064
2018/04/09,18:45:00,40.081,0.333,-0.001,40.413
2018/04/09,19:00:00,21.97,0.332,-0.001,22.3
2018/04/09,19:15:00,0.449,0.23,-0.002,0.678
2018/04/09,19:30:00,-0.313,0.218,-0.002,-0.097
2018/04/09,19:45:00,-0.313,0.22,-0.001,-0.094
2018/04/09,20:00:00,-0.31,0.22,-0.002,-0.091
2018/04/09,20:15:00,-0.314,0.213,-0.001,-0.103
2018/04/09,20:30:00,-0.313,0.214,-0.001,-0.1
2018/04/09,20:45:00,-0.313,0.218,-0.001,-0.096
2018/04/09,21:00:00,-0.313,0.221,-0.001,-0.093
2018/04/09,21:15:00,-0.315,0.22,-0.001,-0.096
2018/04/09,21:30:00,-0.315,0.222,-0.001,-0.094
2018/04/09,21:45:00,-0.319,0.219,0,-0.101
2018/04/09,22:00:00,-0.317,0.219,0,-0.098
2018/04/09,22:15:00,-0.318,0.22,0,-0.098
2018/04/09,22:30:00,-0.318,0.222,0,-0.097
2018/04/09,22:45:00,-0.318,0.221,0,-0.097
2018/04/09,23:00:00,-0.318,0.222,0,-0.096
2018/04/09,23:15:00,-0.32,0.221,0,-0.099
2018/04/09,23:30:00,-0.319,0.221,0,-0.097
2018/04/09,23:45:00,-0.321,0.221,0,-0.101
2018/05/09,00:00:00,-0.322,0.22,0.001,-0.101
2018/05/09,00:15:00,-0.319,0.226,0.001,-0.093
2018/05/09,00:30:00,-0.321,0.227,0.001,-0.093
2018/05/09,00:45:00,-0.32,0.227,0.001,-0.093
2018/05/09,01:00:00,-0.333,0.227,0.001,-0.105
2018/05/09,01:15:00,-0.319,0.228,0.001,-0.091
2018/05/09,01:30:00,-0.318,0.23,0.001,-0.088
2018/05/09,01:45:00,-0.318,0.23,0.001,-0.088
2018/05/09,02:00:00,-0.318,0.229,0.001,-0.088
2018/05/09,02:15:00,-0.318,0.23,0.001,-0.087
2018/05/09,02:30:00,-0.319,0.23,0.001,-0.088
2018/05/09,02:45:00,-0.319,0.231,0.001,-0.087
2018/05/09,03:00:00,-0.318,0.231,0.001,-0.086
2018/05/09,03:15:00,-0.319,0.232,0.001,-0.086
2018/05/09,03:30:00,-0.319,0.233,0.001,-0.085
2018/05/09,03:45:00,-0.321,0.229,0.001,-0.091
2018/05/09,04:00:00,-0.32,0.229,0.001,-0.091
2018/05/09,04:15:00,-0.321,0.229,0.001,-0.091
2018/05/09,04:30:00,-0.321,0.229,0.001,-0.091
2018/05/09,04:45:00,-0.321,0.228,0.001,-0.092
2018/05/09,05:00:00,-0.321,0.228,0.001,-0.092
2018/05/09,05:15:00,-0.32,0.228,0.001,-0.092
2018/05/09,05:30:00,-0.322,0.227,0.001,-0.094
2018/05/09,05:45:00,-0.321,0.226,0.001,-0.095
2018/05/09,06:00:00,-0.321,0.225,0.001,-0.096
2018/05/09,06:15:00,-0.322,0.222,0,-0.099
2018/05/09,06:30:00,-0.322,0.221,0.001,-0.101
2018/05/09,06:45:00,-0.321,0.22,0,-0.101
2018/05/09,07:00:00,-0.318,0.219,-0.001,-0.1
2018/05/09,07:15:00,-0.319,0.223,0,-0.096
2018/05/09,07:30:00,-0.313,0.223,-0.001,-0.09
2018/05/09,07:45:00,-0.057,0.223,-0.001,0.165
2018/05/09,08:00:00,62.459,0.327,-0.001,62.784
2018/05/09,08:15:00,115.542,0.33,-0.002,115.87
2018/05/09,08:30:00,210.961,0.337,-0.002,211.296
2018/05/09,08:45:00,312.096,0.333,-0.002,312.426
2018/05/09,09:00:00,554.427,0.344,-0.003,554.769
2018/05/09,09:15:00,661.278,0.349,-0.002,661.624
2018/05/09,09:30:00,1070.718,0.363,-0.004,1071.078
2018/05/09,09:45:00,1097.699,0.368,-0.003,1098.064
2018/05/09,10:00:00,1248.915,0.373,-0.004,1249.284
2018/05/09,10:15:00,851.194,0.357,-0.003,851.547
2018/05/09,10:30:00,615.288,0.345,-0.003,615.63
2018/05/09,10:45:00,729.415,0.352,-0.003,729.765
2018/05/09,11:00:00,742.027,0.357,-0.003,742.382
2018/05/09,11:15:00,1013.376,0.363,-0.003,1013.737
2018/05/09,11:30:00,1348.495,0.378,-0.003,1348.87
2018/05/09,11:45:00,1152.849,0.371,-0.003,1153.218
2018/05/09,12:00:00,1391.505,0.379,-0.004,1391.881
2018/05/09,12:15:00,1365.133,0.379,-0.003,1365.509
2018/05/09,12:30:00,1693.04,0.392,-0.005,1693.428
2018/05/09,12:45:00,966.422,0.367,-0.002,966.787
2018/05/09,13:00:00,1842.994,0.4,-0.005,1843.39
2018/05/09,13:15:00,1442.374,0.385,-0.004,1442.755
2018/05/09,13:30:00,927.605,0.365,-0.002,927.968
2018/05/09,13:45:00,743.261,0.355,-0.001,743.615
2018/05/09,14:00:00,395.188,0.34,-0.001,395.527
2018/05/09,14:15:00,358.247,0.356,-0.001,358.602
2018/05/09,14:30:00,971.721,0.379,-0.002,972.097
2018/05/09,14:45:00,1293.222,0.392,-0.003,1293.611
2018/05/09,15:00:00,796.525,0.378,-0.002,796.901
2018/05/09,15:15:00,478.319,0.368,-0.001,478.686
2018/05/09,15:30:00,1438.631,0.399,-0.004,1439.026
2018/05/09,15:45:00,1332.243,0.396,-0.004,1332.635
2018/05/09,16:00:00,1119.398,0.388,-0.003,1119.782
2018/05/09,16:15:00,457.387,0.367,-0.002,457.753
2018/05/09,16:30:00,881.422,0.383,-0.003,881.802
2018/05/09,16:45:00,629.74,0.374,-0.002,630.111
2018/05/09,17:00:00,873.167,0.383,-0.004,873.546
2018/05/09,17:15:00,204.953,0.358,-0.002,205.309
2018/05/09,17:30:00,81.158,0.353,-0.001,81.51
2018/05/09,17:45:00,299.069,0.361,-0.002,299.428
2018/05/09,18:00:00,547.224,0.37,-0.003,547.592
2018/05/09,18:15:00,397.544,0.366,-0.002,397.908
2018/05/09,18:30:00,178.813,0.359,-0.001,179.17
2018/05/09,18:45:00,66.649,0.356,-0.001,67.004
2018/05/09,19:00:00,6.487,0.306,-0.002,6.791
2018/05/09,19:15:00,-0.045,0.247,-0.002,0.199
2018/05/09,19:30:00,-0.313,0.247,-0.002,-0.068
2018/05/09,19:45:00,-0.314,0.248,-0.002,-0.068
2018/05/09,20:00:00,-0.313,0.247,-0.002,-0.068
2018/05/09,20:15:00,-0.315,0.249,-0.001,-0.067
2018/05/09,20:30:00,-0.313,0.251,-0.001,-0.063
2018/05/09,20:45:00,-0.315,0.252,-0.001,-0.064
2018/05/09,21:00:00,-0.314,0.251,-0.001,-0.064
2018/05/09,21:15:00,-0.318,0.247,-0.001,-0.071
2018/05/09,21:30:00,-0.316,0.249,-0.001,-0.069
2018/05/09,21:45:00,-0.319,0.249,0,-0.071
2018/05/09,22:00:00,-0.319,0.248,-0.001,-0.071
2018/05/09,22:15:00,-0.319,0.25,0,-0.069
2018/05/09,22:30:00,-0.318,0.251,-0.001,-0.068
2018/05/09,22:45:00,-0.32,0.249,0,-0.071
2018/05/09,23:00:00,-0.319,0.249,0,-0.07
2018/05/09,23:15:00,-0.318,0.248,0,-0.071
2018/05/09,23:30:00,-0.321,0.246,0,-0.075
2018/05/09,23:45:00,-0.321,0.249,0,-0.072
2018/06/09,00:00:00,-0.321,0.25,0,-0.071
2018/06/09,00:15:00,-0.323,0.253,0.001,-0.069
2018/06/09,00:30:00,-0.323,0.252,0.001,-0.07
2018/06/09,00:45:00,-0.323,0.252,0.001,-0.07
2018/06/09,01:00:00,-0.336,0.253,0.001,-0.082
2018/06/09,01:15:00,-0.321,0.254,0.001,-0.066
2018/06/09,01:30:00,-0.321,0.255,0.001,-0.065
2018/06/09,01:45:00,-0.322,0.256,0.001,-0.065
2018/06/09,02:00:00,-0.322,0.257,0.001,-0.064
2018/06/09,02:15:00,-0.321,0.258,0.001,-0.062
2018/06/09,02:30:00,-0.32,0.258,0.001,-0.061
2018/06/09,02:45:00,-0.322,0.258,0.001,-0.063
2018/06/09,03:00:00,-0.321,0.259,0.001,-0.061
2018/06/09,03:15:00,-0.321,0.261,0.001,-0.059
2018/06/09,03:30:00,-0.321,0.261,0.001,-0.059
2018/06/09,03:45:00,-0.321,0.261,0.001,-0.059
2018/06/09,04:00:00,-0.32,0.261,0.001,-0.057
2018/06/09,04:15:00,-0.32,0.262,0.001,-0.057
2018/06/09,04:30:00,-0.32,0.262,0.001,-0.057
2018/06/09,04:45:00,-0.32,0.262,0.001,-0.057
2018/06/09,05:00:00,-0.32,0.262,0.001,-0.057
2018/06/09,05:15:00,-0.32,0.261,0.001,-0.059
2018/06/09,05:30:00,-0.321,0.259,0.001,-0.06
2018/06/09,05:45:00,-0.321,0.26,0.001,-0.06
2018/06/09,06:00:00,-0.321,0.258,0.001,-0.062
2018/06/09,06:15:00,-0.32,0.256,0,-0.064
2018/06/09,06:30:00,-0.321,0.254,0,-0.067
2018/06/09,06:45:00,-0.318,0.255,0,-0.063
2018/06/09,07:00:00,-0.317,0.254,0,-0.064
2018/06/09,07:15:00,-0.322,0.25,0,-0.072
2018/06/09,07:30:00,-0.32,0.249,-0.001,-0.072
2018/06/09,07:45:00,-0.194,0.246,-0.001,0.052
2018/06/09,08:00:00,0.088,0.245,-0.001,0.332
2018/06/09,08:15:00,22.031,0.313,-0.001,22.343
2018/06/09,08:30:00,87.146,0.349,-0.001,87.493
2018/06/09,08:45:00,203.795,0.351,-0.002,204.144
2018/06/09,09:00:00,283.317,0.353,-0.002,283.668
2018/06/09,09:15:00,287.399,0.351,-0.002,287.748
2018/06/09,09:30:00,385.942,0.35,-0.003,386.289
2018/06/09,09:45:00,572.162,0.361,-0.002,572.52
2018/06/09,10:00:00,793.344,0.374,-0.004,793.714
2018/06/09,10:15:00,612.994,0.365,-0.003,613.356
2018/06/09,10:30:00,455.293,0.359,-0.003,455.65
2018/06/09,10:45:00,385.715,0.358,-0.002,386.071
2018/06/09,11:00:00,488.952,0.365,-0.002,489.315
2018/06/09,11:15:00,532.217,0.367,-0.001,532.583
2018/06/09,11:30:00,573.086,0.368,-0.001,573.453
2018/06/09,11:45:00,622.264,0.363,-0.001,622.626
2018/06/09,12:00:00,588.866,0.364,-0.001,589.229
2018/06/09,12:15:00,684.3,0.368,-0.002,684.666
2018/06/09,12:30:00,668.681,0.367,-0.002,669.045
2018/06/09,12:45:00,603.579,0.364,-0.001,603.941
2018/06/09,13:00:00,652.169,0.366,-0.002,652.534
2018/06/09,13:15:00,956.006,0.377,-0.002,956.38
2018/06/09,13:30:00,1073.26,0.383,-0.003,1073.641
2018/06/09,13:45:00,788.477,0.372,-0.001,788.848
2018/06/09,14:00:00,623.283,0.366,-0.002,623.648
2018/06/09,14:15:00,737.571,0.368,-0.002,737.938
2018/06/09,14:30:00,601.297,0.363,-0.001,601.659
2018/06/09,14:45:00,492.291,0.36,-0.001,492.649
2018/06/09,15:00:00,560.06,0.363,-0.002,560.421
2018/06/09,15:15:00,894.095,0.376,-0.003,894.468
2018/06/09,15:30:00,727.439,0.372,-0.002,727.808
2018/06/09,15:45:00,599.567,0.366,-0.001,599.932
2018/06/09,16:00:00,388.776,0.359,-0.002,389.134
2018/06/09,16:15:00,246.831,0.354,-0.001,247.184
2018/06/09,16:30:00,260.694,0.355,-0.001,261.048
2018/06/09,16:45:00,199.57,0.35,-0.001,199.918
2018/06/09,17:00:00,178.416,0.349,-0.002,178.764
2018/06/09,17:15:00,144.972,0.348,-0.001,145.318
2018/06/09,17:30:00,91.469,0.343,-0.001,91.81
2018/06/09,17:45:00,52.271,0.349,-0.001,52.619
2018/06/09,18:00:00,33.081,0.348,-0.001,33.428
2018/06/09,18:15:00,20.443,0.348,-0.001,20.791
2018/06/09,18:30:00,12.618,0.337,0,12.955
2018/06/09,18:45:00,0.092,0.241,-0.001,0.332
2018/06/09,19:00:00,0.023,0.238,-0.002,0.26
2018/06/09,19:15:00,-0.315,0.239,-0.002,-0.077
2018/06/09,19:30:00,-0.316,0.239,-0.002,-0.078
2018/06/09,19:45:00,-0.317,0.241,-0.001,-0.077
2018/06/09,20:00:00,-0.315,0.24,-0.001,-0.076
2018/06/09,20:15:00,-0.314,0.242,-0.001,-0.073
2018/06/09,20:30:00,-0.316,0.241,-0.001,-0.076
2018/06/09,20:45:00,-0.317,0.24,-0.001,-0.078
2018/06/09,21:00:00,-0.317,0.24,-0.001,-0.078
2018/06/09,21:15:00,-0.318,0.238,-0.001,-0.081
2018/06/09,21:30:00,-0.318,0.235,-0.001,-0.084
2018/06/09,21:45:00,-0.322,0.235,0,-0.087
2018/06/09,22:00:00,-0.321,0.238,-0.001,-0.083
2018/06/09,22:15:00,-0.321,0.238,0,-0.083
2018/06/09,22:30:00,-0.32,0.238,0,-0.083
2018/06/09,22:45:00,-0.322,0.237,0,-0.085
2018/06/09,23:00:00,-0.32,0.238,0,-0.082
2018/06/09,23:15:00,-0.32,0.241,0,-0.079
2018/06/09,23:30:00,-0.32,0.241,0,-0.08
2018/06/09,23:45:00,-0.321,0.241,0,-0.081
2018/07/09,00:00:00,-0.323,0.241,0,-0.081
2018/07/09,00:15:00,-0.323,0.246,0,-0.077
2018/07/09,00:30:00,-0.323,0.248,0.001,-0.074
2018/07/09,00:45:00,-0.322,0.249,0.001,-0.072
2018/07/09,01:00:00,-0.336,0.25,0.001,-0.085
2018/07/09,01:15:00,-0.321,0.251,0.001,-0.07
2018/07/09,01:30:00,-0.324,0.25,0.001,-0.073
2018/07/09,01:45:00,-0.325,0.248,0.001,-0.076
2018/07/09,02:00:00,-0.325,0.246,0.001,-0.078
2018/07/09,02:15:00,-0.324,0.247,0.001,-0.076
2018/07/09,02:30:00,-0.325,0.248,0.001,-0.076
2018/07/09,02:45:00,-0.324,0.249,0.001,-0.074
2018/07/09,03:00:00,-0.324,0.25,0.001,-0.074
2018/07/09,03:15:00,-0.323,0.25,0.001,-0.072
2018/07/09,03:30:00,-0.324,0.25,0.001,-0.072
2018/07/09,03:45:00,-0.324,0.251,0.001,-0.072
2018/07/09,04:00:00,-0.324,0.251,0.001,-0.072
2018/07/09,04:15:00,-0.323,0.251,0.001,-0.071
2018/07/09,04:30:00,-0.324,0.251,0.001,-0.072
2018/07/09,04:45:00,-0.324,0.252,0.001,-0.071
2018/07/09,05:00:00,-0.324,0.251,0.001,-0.072
2018/07/09,05:15:00,-0.322,0.25,0.001,-0.072
2018/07/09,05:30:00,-0.323,0.25,0.001,-0.073
2018/07/09,05:45:00,-0.323,0.25,0.001,-0.072
2018/07/09,06:00:00,-0.324,0.25,0.001,-0.074
2018/07/09,06:15:00,-0.322,0.245,0,-0.077
2018/07/09,06:30:00,-0.324,0.245,0,-0.08
2018/07/09,06:45:00,-0.322,0.243,0,-0.079
2018/07/09,07:00:00,-0.32,0.243,-0.001,-0.078
2018/07/09,07:15:00,-0.321,0.242,-0.001,-0.079
2018/07/09,07:30:00,-0.313,0.243,-0.001,-0.072
2018/07/09,07:45:00,-0.027,0.243,-0.001,0.215
2018/07/09,08:00:00,8.784,0.277,-0.002,9.059
2018/07/09,08:15:00,117.535,0.35,-0.001,117.883
2018/07/09,08:30:00,243.769,0.356,-0.003,244.122
2018/07/09,08:45:00,216.302,0.347,-0.002,216.647
2018/07/09,09:00:00,622.095,0.358,-0.003,622.45
2018/07/09,09:15:00,903.123,0.367,-0.003,903.486
2018/07/09,09:30:00,652.303,0.355,-0.003,652.655
2018/07/09,09:45:00,971.316,0.371,-0.004,971.684
2018/07/09,10:00:00,558.673,0.355,-0.003,559.025
2018/07/09,10:15:00,525.25,0.353,-0.003,525.601
2018/07/09,10:30:00,1651.526,0.396,-0.006,1651.917
2018/07/09,10:45:00,1785.074,0.403,-0.006,1785.471
2018/07/09,11:00:00,1884.385,0.407,-0.006,1884.786
2018/07/09,11:15:00,1167.306,0.381,-0.003,1167.684
2018/07/09,11:30:00,827.661,0.37,-0.002,828.029
2018/07/09,11:45:00,942.751,0.372,-0.003,943.121
2018/07/09,12:00:00,548.494,0.356,-0.002,548.848
2018/07/09,12:15:00,620.789,0.356,-0.002,621.144
2018/07/09,12:30:00,866.321,0.369,-0.002,866.687
2018/07/09,12:45:00,1460.378,0.391,-0.004,1460.765
2018/07/09,13:00:00,2059.758,0.414,-0.006,2060.166
2018/07/09,13:15:00,1490.195,0.395,-0.004,1490.586
2018/07/09,13:30:00,1415.762,0.39,-0.004,1416.148
2018/07/09,13:45:00,1150.285,0.38,-0.003,1150.662
2018/07/09,14:00:00,1067.814,0.379,-0.003,1068.19
2018/07/09,14:15:00,1042.864,0.383,-0.003,1043.244
2018/07/09,14:30:00,906.752,0.38,-0.003,907.129
2018/07/09,14:45:00,849.718,0.376,-0.002,850.092
2018/07/09,15:00:00,791.392,0.375,-0.002,791.765
2018/07/09,15:15:00,835.346,0.377,-0.002,835.721
2018/07/09,15:30:00,1409.437,0.396,-0.004,1409.829
2018/07/09,15:45:00,1305.862,0.391,-0.004,1306.249
2018/07/09,16:00:00,1178.406,0.387,-0.004,1178.789
2018/07/09,16:15:00,1513.433,0.4,-0.004,1513.829
2018/07/09,16:30:00,1441.046,0.399,-0.004,1441.441
2018/07/09,16:45:00,1601.475,0.405,-0.005,1601.874
2018/07/09,17:00:00,947.702,0.382,-0.004,948.08
2018/07/09,17:15:00,277.879,0.357,-0.002,278.235
2018/07/09,17:30:00,249.381,0.357,-0.002,249.736
2018/07/09,17:45:00,234.358,0.353,-0.001,234.709
2018/07/09,18:00:00,181.547,0.35,-0.002,181.895
2018/07/09,18:15:00,141.537,0.349,-0.001,141.885
2018/07/09,18:30:00,162.33,0.35,-0.001,162.679
2018/07/09,18:45:00,86.112,0.344,-0.001,86.455
2018/07/09,19:00:00,18.6,0.313,-0.002,18.911
2018/07/09,19:15:00,0.016,0.233,-0.002,0.248
2018/07/09,19:30:00,-0.318,0.233,-0.002,-0.087
2018/07/09,19:45:00,-0.315,0.236,-0.002,-0.081
2018/07/09,20:00:00,-0.315,0.237,-0.001,-0.08
2018/07/09,20:15:00,-0.314,0.239,-0.002,-0.077
2018/07/09,20:30:00,-0.315,0.243,-0.001,-0.073
2018/07/09,20:45:00,-0.315,0.244,-0.001,-0.071
2018/07/09,21:00:00,-0.318,0.239,-0.001,-0.08
2018/07/09,21:15:00,-0.321,0.236,0,-0.086
2018/07/09,21:30:00,-0.319,0.237,-0.001,-0.083
2018/07/09,21:45:00,-0.322,0.239,0,-0.083
2018/07/09,22:00:00,-0.318,0.241,-0.001,-0.077
2018/07/09,22:15:00,-0.319,0.241,0,-0.078
2018/07/09,22:30:00,-0.319,0.238,-0.001,-0.081
2018/07/09,22:45:00,-0.32,0.241,0,-0.079
2018/07/09,23:00:00,-0.321,0.24,0,-0.082
2018/07/09,23:15:00,-0.321,0.24,0,-0.081
2018/07/09,23:30:00,-0.319,0.242,-0.001,-0.078
2018/07/09,23:45:00,-0.323,0.238,0,-0.086
2018/08/09,00:00:00,-0.322,0.238,0,-0.083
2018/08/09,00:15:00,-0.32,0.244,0,-0.077
2018/08/09,00:30:00,-0.319,0.245,0,-0.075
2018/08/09,00:45:00,-0.32,0.245,0,-0.075
2018/08/09,01:00:00,-0.332,0.246,0,-0.087
2018/08/09,01:15:00,-0.32,0.247,0,-0.073
2018/08/09,01:30:00,-0.318,0.248,0,-0.07
2018/08/09,01:45:00,-0.318,0.249,0,-0.069
2018/08/09,02:00:00,-0.317,0.252,0,-0.065
2018/08/09,02:15:00,-0.319,0.25,0,-0.069
2018/08/09,02:30:00,-0.318,0.252,0,-0.066
2018/08/09,02:45:00,-0.32,0.247,0,-0.073
2018/08/09,03:00:00,-0.32,0.248,0,-0.073
2018/08/09,03:15:00,-0.322,0.248,0,-0.075
2018/08/09,03:30:00,-0.322,0.247,0,-0.075
2018/08/09,03:45:00,-0.322,0.248,0,-0.074
2018/08/09,04:00:00,-0.323,0.248,0.001,-0.075
2018/08/09,04:15:00,-0.323,0.248,0.001,-0.074
2018/08/09,04:30:00,-0.324,0.248,0.001,-0.075
2018/08/09,04:45:00,-0.323,0.249,0.001,-0.074
2018/08/09,05:00:00,-0.322,0.25,0.001,-0.072
2018/08/09,05:15:00,-0.323,0.249,0.001,-0.073
2018/08/09,05:30:00,-0.324,0.25,0.001,-0.073
2018/08/09,05:45:00,-0.323,0.249,0.001,-0.074
2018/08/09,06:00:00,-0.323,0.248,0.001,-0.074
2018/08/09,06:15:00,-0.323,0.247,0.001,-0.075
2018/08/09,06:30:00,-0.323,0.249,0.001,-0.073
2018/08/09,06:45:00,-0.322,0.249,0,-0.073
2018/08/09,07:00:00,-0.321,0.25,0,-0.071
2018/08/09,07:15:00,-0.32,0.248,0,-0.072
2018/08/09,07:30:00,-0.285,0.248,0,-0.036
2018/08/09,07:45:00,0.027,0.247,0,0.274
2018/08/09,08:00:00,8.809,0.291,0,9.1
2018/08/09,08:15:00,170.911,0.358,0,171.269
2018/08/09,08:30:00,389.852,0.367,0,390.219
2018/08/09,08:45:00,563.429,0.377,-0.001,563.806
2018/08/09,09:00:00,741.637,0.382,-0.001,742.017
2018/08/09,09:15:00,919.454,0.382,-0.002,919.834
2018/08/09,09:30:00,1089.868,0.386,-0.002,1090.251
2018/08/09,09:45:00,1250.96,0.39,-0.003,1251.347
2018/08/09,10:00:00,1397.66,0.39,-0.003,1398.047
2018/08/09,10:15:00,1534.904,0.397,-0.003,1535.298
2018/08/09,10:30:00,1653.634,0.403,-0.004,1654.032
2018/08/09,10:45:00,1774.556,0.407,-0.004,1774.959
2018/08/09,11:00:00,1856.607,0.409,-0.005,1857.011
2018/08/09,11:15:00,1954.042,0.412,-0.005,1954.449
2018/08/09,11:30:00,2042.529,0.416,-0.005,2042.941
2018/08/09,11:45:00,2084.501,0.42,-0.005,2084.916
2018/08/09,12:00:00,2159.039,0.427,-0.005,2159.46
2018/08/09,12:15:00,2180.842,0.425,-0.005,2181.261
2018/08/09,12:30:00,2218.916,0.426,-0.005,2219.337
2018/08/09,12:45:00,2235.943,0.429,-0.005,2236.368
2018/08/09,13:00:00,2253.179,0.428,-0.005,2253.602
2018/08/09,13:15:00,2249.416,0.426,-0.006,2249.836
2018/08/09,13:30:00,2242.082,0.428,-0.006,2242.505
2018/08/09,13:45:00,2233.334,0.427,-0.006,2233.756
2018/08/09,14:00:00,2224.552,0.426,-0.006,2224.971
2018/08/09,14:15:00,2193.521,0.422,-0.006,2193.938
2018/08/09,14:30:00,2159.681,0.424,-0.005,2160.1
2018/08/09,14:45:00,2103.554,0.422,-0.005,2103.971
2018/08/09,15:00:00,2050.949,0.414,-0.005,2051.358
2018/08/09,15:15:00,2007.196,0.417,-0.005,2007.608
2018/08/09,15:30:00,1902.673,0.414,-0.005,1903.082
2018/08/09,15:45:00,1800.99,0.407,-0.004,1801.392
2018/08/09,16:00:00,1683.276,0.404,-0.004,1683.675
2018/08/09,16:15:00,1569.614,0.403,-0.004,1570.014
2018/08/09,16:30:00,1438.708,0.4,-0.003,1439.104
2018/08/09,16:45:00,1292.65,0.393,-0.003,1293.04
2018/08/09,17:00:00,1089.72,0.386,-0.002,1090.104
2018/08/09,17:15:00,817.372,0.378,-0.002,817.748
2018/08/09,17:30:00,791.834,0.377,-0.001,792.209
2018/08/09,17:45:00,639.888,0.368,-0.001,640.254
2018/08/09,18:00:00,480.448,0.362,-0.001,480.809
2018/08/09,18:15:00,292.488,0.358,0,292.846
2018/08/09,18:30:00,140.872,0.352,0,141.224
2018/08/09,18:45:00,35.172,0.348,0,35.52
2018/08/09,19:00:00,10.304,0.335,0,10.639
2018/08/09,19:15:00,0.042,0.239,0,0.281
2018/08/09,19:30:00,-0.327,0.233,0,-0.093
2018/08/09,19:45:00,-0.328,0.233,0,-0.095
2018/08/09,20:00:00,-0.326,0.234,0,-0.093
2018/08/09,20:15:00,-0.328,0.233,0,-0.095
2018/08/09,20:30:00,-0.328,0.233,0,-0.094
2018/08/09,20:45:00,-0.328,0.234,0.001,-0.093
2018/08/09,21:00:00,-0.328,0.236,0,-0.092
2018/08/09,21:15:00,-0.327,0.238,0.001,-0.089
2018/08/09,21:30:00,-0.326,0.237,0,-0.089
2018/08/09,21:45:00,-0.328,0.235,0,-0.092
2018/08/09,22:00:00,-0.327,0.235,0,-0.092
2018/08/09,22:15:00,-0.33,0.234,0,-0.095
2018/08/09,22:30:00,-0.328,0.235,0,-0.093
2018/08/09,22:45:00,-0.328,0.235,0.001,-0.092
2018/08/09,23:00:00,-0.326,0.237,0,-0.089
2018/08/09,23:15:00,-0.328,0.235,0.001,-0.092
2018/08/09,23:30:00,-0.328,0.234,0,-0.093
2018/08/09,23:45:00,-0.327,0.236,0.001,-0.091
2018/09/09,00:00:00,-0.327,0.236,0,-0.091
2018/09/09,00:15:00,-0.327,0.238,0.001,-0.088
2018/09/09,00:30:00,-0.326,0.239,0.001,-0.086
2018/09/09,00:45:00,-0.326,0.239,0.001,-0.086
2018/09/09,01:00:00,-0.339,0.24,0.001,-0.099
2018/09/09,01:15:00,-0.326,0.24,0.001,-0.085
2018/09/09,01:30:00,-0.325,0.243,0.001,-0.082
2018/09/09,01:45:00,-0.325,0.242,0.001,-0.082
2018/09/09,02:00:00,-0.326,0.241,0.001,-0.084
2018/09/09,02:15:00,-0.326,0.242,0.001,-0.083
2018/09/09,02:30:00,-0.326,0.243,0.001,-0.083
2018/09/09,02:45:00,-0.326,0.243,0.001,-0.082
2018/09/09,03:00:00,-0.326,0.244,0.001,-0.081
2018/09/09,03:15:00,-0.326,0.243,0.001,-0.082
2018/09/09,03:30:00,-0.326,0.243,0.001,-0.082
2018/09/09,03:45:00,-0.326,0.244,0.001,-0.08
2018/09/09,04:00:00,-0.326,0.244,0.001,-0.081
2018/09/09,04:15:00,-0.327,0.245,0.001,-0.081
2018/09/09,04:30:00,-0.326,0.245,0.001,-0.08
2018/09/09,04:45:00,-0.326,0.245,0.001,-0.079
2018/09/09,05:00:00,-0.326,0.245,0.001,-0.079
2018/09/09,05:15:00,-0.326,0.245,0.001,-0.08
2018/09/09,05:30:00,-0.326,0.245,0.001,-0.08
2018/09/09,05:45:00,-0.327,0.245,0.001,-0.081
2018/09/09,06:00:00,-0.327,0.244,0.001,-0.081
2018/09/09,06:15:00,-0.326,0.244,0.001,-0.081
2018/09/09,06:30:00,-0.327,0.243,0.001,-0.083
2018/09/09,06:45:00,-0.325,0.245,0.001,-0.079
2018/09/09,07:00:00,-0.325,0.245,0.001,-0.08
2018/09/09,07:15:00,-0.325,0.244,0.001,-0.081
2018/09/09,07:30:00,-0.279,0.243,0.001,-0.036
2018/09/09,07:45:00,0.049,0.244,0,0.293
2018/09/09,08:00:00,25.08,0.334,0.001,25.415
2018/09/09,08:15:00,154.744,0.357,0.001,155.102
2018/09/09,08:30:00,336.69,0.362,0,337.052
2018/09/09,08:45:00,424.319,0.363,0,424.681
2018/09/09,09:00:00,148.714,0.353,0,149.067
2018/09/09,09:15:00,248.077,0.354,0,248.431
2018/09/09,09:30:00,150.892,0.348,0,151.241
2018/09/09,09:45:00,362.78,0.358,0,363.138
2018/09/09,10:00:00,261.644,0.352,0,261.996
2018/09/09,10:15:00,489.798,0.356,0,490.153
2018/09/09,10:30:00,1079.071,0.378,-0.002,1079.447
2018/09/09,10:45:00,915.652,0.374,-0.001,916.025
2018/09/09,11:00:00,1050.632,0.378,-0.002,1051.008
2018/09/09,11:15:00,1068.843,0.379,-0.002,1069.22
2018/09/09,11:30:00,856.864,0.368,-0.001,857.231
2018/09/09,11:45:00,769.85,0.366,-0.001,770.215
2018/09/09,12:00:00,791.047,0.368,-0.001,791.414
2018/09/09,12:15:00,1478.75,0.393,-0.002,1479.14
2018/09/09,12:30:00,1772.772,0.403,-0.004,1773.171
2018/09/09,12:45:00,2611.753,0.428,-0.006,2612.175
2018/09/09,13:00:00,1936.814,0.404,-0.004,1937.214
2018/09/09,13:15:00,2039.574,0.409,-0.004,2039.979
2018/09/09,13:30:00,1117.546,0.378,-0.002,1117.921
2018/09/09,13:45:00,815.719,0.367,-0.001,816.085
2018/09/09,14:00:00,808.39,0.364,-0.001,808.753
2018/09/09,14:15:00,916.243,0.368,-0.001,916.61
2018/09/09,14:30:00,815.432,0.368,-0.001,815.799
2018/09/09,14:45:00,811.225,0.369,-0.001,811.593
2018/09/09,15:00:00,809.471,0.369,-0.001,809.839
2018/09/09,15:15:00,766.128,0.366,-0.001,766.493
2018/09/09,15:30:00,555.423,0.359,-0.001,555.781
2018/09/09,15:45:00,443.772,0.355,0,444.127
2018/09/09,16:00:00,395.114,0.353,0,395.467
2018/09/09,16:15:00,417.597,0.356,0,417.952
2018/09/09,16:30:00,313.999,0.347,0,314.345
2018/09/09,16:45:00,310.888,0.347,0,311.235
2018/09/09,17:00:00,204.284,0.343,0,204.628
2018/09/09,17:15:00,253.362,0.348,0,253.71
2018/09/09,17:30:00,253.841,0.348,0,254.189
2018/09/09,17:45:00,175.311,0.343,0,175.655
2018/09/09,18:00:00,125.495,0.341,0,125.837
2018/09/09,18:15:00,78.185,0.341,0.001,78.526
2018/09/09,18:30:00,24.66,0.338,0.001,24.999
2018/09/09,18:45:00,1.934,0.255,0.001,2.189
2018/09/09,19:00:00,0.08,0.228,0,0.309
2018/09/09,19:15:00,-0.223,0.225,0,0.002
2018/09/09,19:30:00,-0.329,0.224,0,-0.105
